exp,DNN
6.17,3.6294794
5.36,6.854674
4.82,7.021855
2.63,3.796215
4.54,6.9444075
7.12,7.397065
5.28,7.132561
6.59,6.8578935
7.38,8.405432
7.63,7.1139264
10.37,8.96546
4.68,4.129886
10.3,10.255395
9.09,7.902426
4.94,4.4177914
8.41,6.0491776
6.01,7.4384956
8.92,9.21829
6.7,5.8039727
6.7,3.875412
5.59,4.887198
5.4,3.70982
4.82,6.5234375
6.43,5.4250617
6.82,5.856999
9.7,10.008121
9.0,6.535673
5.55,4.8982673
6.6,6.9325953
6.4,5.6836247
6.35,6.600587
2.48,3.7047417
4.19,5.4122324
9.22,9.001181
9.95,11.532031
10.3,11.454716
8.33,8.636447
7.7,8.176042
6.59,8.989364
4.48,6.891241
5.15,4.151433
9.05,8.603206
8.7,8.410134
2.31,3.9006214
9.52,9.761021
7.66,6.791186
3.57,5.4914255
7.17,7.044607
5.19,5.3640194
5.85,6.3463774
6.03,6.5957503
6.77,6.4245787
7.7,6.6965065
6.27,4.359801
3.7,4.574661
6.66,6.902153
5.24,6.6105137
5.85,8.979874
6.06,7.229961
5.85,6.341573
4.85,8.800109
8.64,6.449215
5.19,4.6557484
6.46,6.378859
8.52,6.1453114
3.99,4.952102
4.0,3.410521
6.4,4.9392385
5.12,6.2919135
6.89,6.7631326
8.01,6.467828
8.0,7.0233364
8.8,8.145559
6.3,4.7619433
4.68,7.6544313
8.77,8.468172
5.47,9.033012
6.0,5.561536
6.85,6.099421
7.19,7.7187347
3.22,3.4119277
6.7,4.190961
8.85,8.121598
9.52,8.27481
8.7,5.922105
7.67,8.730367
9.52,6.70333
7.76,6.3739142
6.41,7.9792128
6.89,6.151045
8.0,7.1064944
6.43,6.056894
6.14,5.8511634
5.35,6.0102315
9.52,7.6226654
6.54,4.376307
7.49,7.089976
5.22,6.5968723
5.45,6.4777713
7.33,7.6527314
7.05,8.131361
5.82,6.885087
8.7,7.9256954
6.52,6.2180877
9.37,7.5860896
8.11,6.802363
5.67,7.049018
6.19,5.3771405
7.38,10.02225
6.41,6.914181
6.37,3.8337114
2.74,4.0673842
8.19,8.031218
6.15,7.868815
8.7,8.714646
7.3,6.7125645
4.6,4.9364953
4.6,4.028752
8.51,9.334946
7.1,6.239836
8.77,9.109281
6.63,7.1163044
5.66,5.8321633
8.05,8.976765
6.22,5.8580585
7.26,5.57737
9.15,7.3048763
8.05,7.186328
6.41,6.1942387
5.7,3.7751904
6.1,8.373171
7.34,7.0892653
8.32,8.015378
7.89,4.1279564
2.92,4.035061
8.14,8.978227
8.6,8.5888195
6.05,8.427255
4.8,5.829051
8.7,8.045628
3.1,2.9928977
2.0,6.0935006
2.9,4.8947077
6.8,6.0265417
7.9,7.9425597
5.0,6.3965397
6.34,5.4796844
7.93,7.8503385
4.66,6.1015997
6.0,5.803766
8.0,8.337731
9.41,7.292946
7.72,8.531819
6.96,3.7235484
4.28,3.5029826
8.1,8.199374
2.62,4.535161
6.29,3.475162
3.71,5.3577385
7.15,7.909934
6.54,5.5649533
5.64,6.4865804
9.52,6.1517105
6.67,6.8237796
3.71,3.4095292
7.25,7.712685
6.78,7.7517524
7.77,7.8319607
4.28,5.3059435
4.24,3.9257114
7.52,7.4999256
8.64,7.311105
7.12,3.8534334
10.35,10.597843
8.59,8.156173
9.15,7.9400744
8.08,5.4858184
2.96,3.1884432
5.82,5.3802457
4.12,5.5867515
5.92,5.7135825
7.32,6.0566206
7.48,7.4233437
8.22,8.093983
9.1,7.9659905
7.71,7.842057
9.1,8.904592
5.62,6.8674383
5.22,5.1127515
7.22,6.8330317
9.82,8.942876
7.39,7.477139
7.84,7.1091776
7.24,5.9183803
7.01,7.7861495
7.55,9.205757
3.45,4.291391
10.72,11.241196
6.05,4.1212583
6.09,6.3052216
6.05,3.29942
2.3,2.4899318
2.82,5.471774
4.97,5.1667123
8.77,6.616863
6.37,6.1963415
5.6,6.121165
8.36,8.006484
7.4,7.5526586
8.19,8.465969
6.8,6.8736634
6.85,6.712054
8.49,9.740902
8.64,7.5245132
8.37,8.947528
10.23,9.700925
6.87,6.0017085
7.1,7.78154
7.31,5.824838
5.2,3.4448261
8.07,6.660291
9.04,9.754425
4.4,6.287364
3.87,3.798615
7.35,7.127621
2.87,3.4570758
7.72,6.5175385
8.38,8.584757
4.62,4.239769
4.78,4.9673595
3.66,4.24222
3.89,3.3810153
5.99,6.3016143
7.24,7.547011
7.3,7.2698474
3.6,3.6688092
2.68,3.6121254
2.89,3.15599
9.01,8.508985
4.6,4.3494062
6.88,6.6452427
6.99,7.1471233
5.72,7.5824547
3.6,4.6239023
6.68,7.024935
6.31,8.363876
7.68,6.300392
8.46,7.6883044
7.06,7.534604
6.29,5.760679
7.12,5.5979147
10.32,11.218928
11.52,10.770796
8.27,6.9165545
2.96,3.8214197
6.3,5.007562
5.82,4.616252
2.92,3.077461
8.6,8.447923
4.42,5.6794777
5.52,3.5216765
8.7,5.5738754
6.4,6.33346
5.05,5.8616304
6.68,7.0197015
9.7,8.560204
3.66,4.3195
7.24,7.083483
5.77,5.998056
2.3,2.9695773
8.32,7.439064
4.46,4.7946773
3.96,5.84723
6.12,5.026238
8.7,7.5670867
6.96,7.0795603
9.05,7.986347
6.72,10.447068
2.98,4.776416
4.15,4.1360254
4.14,4.2023687
4.33,5.5021267
4.85,6.15588
6.06,4.720944
4.16,5.656575
6.12,7.7998624
6.11,6.74614
3.85,6.4125924
3.0,5.489249
3.25,4.2588596
3.23,3.9005535
5.74,6.2026324
7.6,8.083524
6.7,6.523585
8.19,9.407469
9.59,8.016793
9.44,9.350311
6.4,3.7302277
5.47,2.888809
7.39,8.5552
5.97,8.533301
8.52,7.599047
4.4,6.7275047
6.71,7.2469525
3.57,4.3532977
3.77,5.1833963
6.28,4.876989
7.54,6.1992917
6.82,6.333096
6.27,6.8233385
5.82,6.5205154
6.1,6.238611
6.29,6.0660944
8.24,8.493328
7.77,7.324461
9.22,8.277055
4.69,7.4071703
2.48,4.066146
11.24,9.34709
4.32,5.4927053
6.2,4.474436
5.41,3.683197
4.0,3.6378546
8.21,6.1493835
8.72,8.413561
2.35,3.871245
9.76,9.836704
4.43,3.3450747
6.46,5.5588775
7.1,4.892543
6.5,6.5881996
6.38,7.4407043
5.05,7.9881153
5.82,6.2861075
9.68,10.43324
8.64,7.080178
8.19,7.9932914
8.19,6.27023
5.59,5.084063
7.19,7.1863375
8.22,8.096964
9.15,8.709885
7.17,6.225528
7.38,8.911686
6.54,8.326704
3.2,3.2557917
6.66,6.149552
5.82,5.3747153
6.06,6.227522
6.36,6.3075
7.24,8.143003
5.7,7.5186696
5.84,4.777877
10.21,7.183397
8.8,8.265601
9.01,8.408838
7.85,6.001631
7.66,6.9576654
9.0,7.4736795
6.21,6.970933
7.03,6.527886
4.54,4.5170193
10.18,10.1741495
8.2,7.2313037
4.43,3.9305577
8.43,5.570586
5.12,5.0594363
2.16,3.4518363
5.09,6.004421
2.8,3.6236944
6.45,7.0863047
6.05,6.113035
6.7,7.428934
7.19,7.681932
4.71,4.83985
4.72,7.0815988
8.1,8.916885
7.28,6.96204
4.89,7.2772164
4.96,5.3148694
7.57,6.2156844
9.74,8.594896
4.43,4.825278
7.66,8.743431
7.05,6.927637
3.6,4.2549562
6.24,5.6614947
3.66,6.3353143
7.46,7.839328
4.21,7.0026073
7.52,6.8943696
7.59,8.206485
6.52,6.4074965
6.66,9.330409
6.72,6.569818
7.47,5.2865653
3.87,3.749866
4.55,3.745747
6.67,7.950806
3.61,4.177069
3.63,5.0884566
4.07,4.4377785
7.0,9.278883
7.53,7.776989
5.41,5.0698276
7.37,6.93573
8.7,7.033124
8.6,8.185867
7.12,6.6850038
6.37,6.9796686
6.49,7.8597054
4.52,5.1164446
4.02,5.2310977
8.77,7.9130435
7.24,8.180541
8.05,7.4533944
6.29,6.3877177
7.38,6.9873605
5.21,6.9325933
7.55,6.053906
8.19,8.687201
8.85,9.913794
6.11,6.0779257
6.47,6.6562567
8.24,8.352928
4.49,2.8024118
8.09,7.713669
5.82,4.870019
3.9,4.2630234
10.92,10.12334
3.13,3.889946
6.92,8.293372
5.08,4.791469
4.82,4.256109
8.74,5.3187056
8.12,9.558942
8.89,5.2591534
6.98,6.9546103
5.93,7.0305357
7.43,6.7913275
4.74,4.5942187
5.96,5.8039775
10.65,9.282078
7.77,7.2249174
4.71,7.2443395
5.05,5.142244
6.0,7.33667
7.89,7.3040247
7.24,7.948326
4.33,5.9045067
6.54,5.979957
4.85,4.1577573
5.39,4.9874797
4.7,4.347122
4.26,6.0118656
8.01,7.455532
5.32,4.8811445
6.44,7.1132627
3.92,8.171677
4.89,6.761176
4.53,5.3417277
6.41,6.044345
6.4,5.567179
5.62,7.070837
4.89,5.0652275
5.07,4.9398065
5.39,7.338089
3.62,4.74884
11.29,9.679023
9.68,9.05213
4.57,5.023167
7.8,7.1640983
7.7,8.467117
10.74,9.937814
4.38,4.919265
8.92,8.259558
5.16,6.106823
9.85,10.59088
5.01,5.465596
3.32,4.0705214
4.44,4.2304306
8.6,10.072658
5.3,4.5589604
6.92,6.5396433
6.72,6.4187436
4.74,5.2638235
6.37,6.0828605
6.16,6.546431
3.33,3.7347255
9.77,9.511707
6.62,7.0188327
6.28,7.345116
3.87,7.7969155
5.46,6.9034524
7.85,6.902257
7.7,7.505502
7.52,6.088411
4.59,6.8793254
7.64,8.403342
4.1,4.752898
4.85,4.329326
6.55,6.87829
10.66,9.613735
6.49,4.094944
6.54,6.091497
11.8,7.376786
4.36,5.4791
4.92,6.1617293
4.85,5.00957
4.96,4.3033147
8.52,8.701099
5.93,6.5076585
10.55,11.1342
6.11,7.5177894
8.14,10.654962
4.2,5.356889
4.8,5.2670426
5.82,5.8159466
9.22,8.359536
7.19,4.7783914
10.92,9.908052
10.82,8.384434
8.66,8.605186
8.41,8.449728
8.7,7.4346085
6.9,6.8309417
7.4,5.5625753
6.82,7.383908
9.0,7.6095524
3.8,3.7766447
5.94,6.2079372
6.22,6.5398355
7.85,8.345287
7.74,7.2830844
4.25,5.2658343
7.6,7.680979
5.09,5.58071
9.4,9.913119
3.46,7.2014003
10.48,9.763737
8.89,8.836521
8.89,7.816113
7.82,7.6658826
8.89,8.062837
6.09,7.26159
7.7,6.270279
4.79,3.5727384
6.96,7.401507
8.7,6.106704
5.46,6.480526
5.12,6.0405784
7.44,6.644905
5.39,4.8519197
4.21,2.7206478
7.35,6.9490476
5.4,4.919806
10.25,10.687583
7.7,5.259823
8.74,9.25985
5.3,7.704472
4.54,5.3422327
7.55,5.640262
3.3,5.2781754
5.85,4.3808684
4.6,4.1229453
2.47,4.216178
5.98,7.5169406
5.1,5.7104363
5.9,7.7940264
4.3,4.8938303
6.85,5.548369
9.0,5.7421536
5.14,5.987713
6.55,5.529444
5.89,4.2659726
4.52,6.1659317
5.74,6.581618
5.22,6.7758794
7.4,6.958804
7.68,6.714076
7.57,8.184876
6.82,6.8759937
7.43,9.0490675
4.24,3.209673
5.25,6.210012
7.05,8.175627
3.7,4.5723143
8.55,8.876378
7.09,6.0953197
4.66,5.0875707
4.7,5.5195
4.41,5.419936
6.92,6.761148
6.59,6.304687
4.36,4.5520434
5.49,5.106999
4.39,6.2551312
7.64,6.945617
7.3,7.6401615
11.72,11.23585
6.62,5.49389
7.82,6.8250346
4.23,4.8994718
6.52,7.87719
10.46,8.289635
9.22,9.832001
5.0,6.682498
7.62,9.10051
10.7,9.466475
4.82,5.7536154
11.3,8.788383
5.23,6.6409774
8.52,7.0854554
9.07,9.181541
5.72,5.743079
7.3,9.466741
9.15,8.594969
6.0,5.7197385
6.82,6.5634723
8.3,6.030575
3.9,5.817381
5.3,4.4873924
9.92,7.1693664
8.0,6.3435535
8.52,6.0841165
4.28,3.276434
4.98,2.840383
4.43,6.143077
4.0,4.315295
4.52,5.263142
3.74,7.1075416
6.74,7.4530215
5.77,4.9244113
8.12,7.55726
4.08,4.9156857
6.4,5.552016
6.41,5.8662233
6.25,5.8684893
6.74,5.8611517
10.6,8.000939
10.49,9.220869
4.54,4.533727
7.7,7.415066
7.55,7.3060937
2.7,3.4181132
7.85,7.267152
7.84,8.126475
7.02,7.9040613
6.47,6.4960074
7.77,10.84765
8.7,8.7355175
7.64,6.583089
8.31,8.47135
6.74,4.746224
4.55,3.748704
7.37,7.3277903
9.68,7.8981576
7.0,5.806686
8.89,9.550119
5.66,6.9595785
7.34,7.592374
7.68,7.355877
7.4,7.7695
3.1,4.47453
3.57,4.4882355
9.72,7.1591225
6.48,5.735699
2.51,3.5469706
8.3,7.303923
6.48,5.1971226
5.82,5.224232
4.49,5.3314824
5.49,4.195271
4.59,4.766706
5.99,6.613575
8.7,7.794335
5.49,5.5053043
7.61,7.3861136
3.42,4.6106815
3.68,4.5064235
5.22,6.8354554
7.6,7.814147
4.54,5.8651576
5.11,5.10142
8.92,8.581446
7.22,5.1932244
9.28,9.788919
8.46,8.522796
7.0,8.310322
5.51,6.2852163
5.7,5.0733094
6.4,6.3272815
8.18,7.633438
9.8,7.975549
7.3,8.324987
5.26,7.6175857
5.92,6.6895604
7.19,5.5924377
6.57,6.9699287
8.72,9.319279
9.76,7.9873867
6.96,5.2308874
7.57,8.489607
3.72,6.264239
9.43,6.107125
2.3,5.9764853
7.07,7.6209407
7.55,8.147248
7.21,7.5792203
6.47,7.6570277
8.0,8.429971
6.68,6.943052
9.08,8.061919
4.5,6.0352225
3.04,4.9612145
6.59,6.0120835
6.7,5.8604407
6.3,6.2832837
6.97,7.6997385
5.08,3.5011168
8.52,7.2346897
6.19,6.7378216
4.59,4.9267464
4.62,4.5953407
7.85,5.8386583
4.41,5.6953073
5.55,4.0452914
8.96,8.321368
4.84,5.855106
5.48,6.0209556
2.19,3.804613
5.89,5.805246
9.1,6.8454223
8.29,6.999845
3.82,5.255299
5.59,6.2468677
6.74,6.9682927
2.97,4.73365
3.32,3.4405591
3.57,2.9883256
9.3,7.0430446
2.1,4.9319453
4.49,3.7031283
5.85,6.6131754
5.68,5.4645824
7.23,6.7527227
6.52,6.650689
5.72,5.88108
7.29,5.753409
4.4,5.3227224
2.49,2.920208
8.0,7.906781
5.39,5.1102176
7.49,5.732095
7.0,6.568741
4.09,5.302972
3.01,2.3291216
4.51,5.4205275
8.6,8.211431
7.66,7.127196
7.05,8.508138
6.6,7.250903
4.63,5.207277
7.74,8.037529
3.97,4.6984377
4.87,5.3526554
8.14,7.8526607
4.7,7.872493
6.4,8.579316
5.15,4.52765
3.3,5.0355735
6.7,6.93447
7.4,6.3925776
7.4,7.4161253
6.2,6.9441833
3.48,3.6788833
7.15,7.454362
5.48,5.2565703
7.13,6.9033937
5.92,6.634579
4.74,5.6104827
6.1,6.3261414
3.04,2.996195
5.22,6.5309277
4.7,5.0125294
5.21,5.3357205
6.62,7.1820965
6.29,5.900676
2.74,4.1500063
8.52,7.3725758
4.67,4.431381
7.31,4.3726916
7.22,6.8350854
6.3,6.0631127
5.05,5.4718313
4.57,5.0377603
4.41,5.5559187
8.1,7.412444
6.54,6.2512646
6.76,7.498675
5.7,5.8598614
4.87,5.2368984
5.85,3.993739
7.43,6.2744327
7.32,7.977184
3.24,3.3161087
2.0,3.8880725
2.0,4.7419243
4.26,4.2870736
4.98,6.3568654
4.52,3.67275
2.06,2.4922438
2.6,5.025264
7.6,7.278346
5.49,7.5327263
7.41,5.214928
7.14,6.2474627
9.27,9.059973
2.17,3.2802665
6.21,7.174425
4.68,6.084946
7.99,4.6973596
7.86,7.3032217
8.7,8.181555
5.6,7.2479787
5.95,7.129474
7.24,6.008554
10.71,8.433434
4.44,5.551124
4.55,6.015166
5.51,5.331337
6.91,6.5404706
4.24,4.819593
8.32,8.608384
5.13,6.1608787
4.44,5.003543
8.38,4.219349
8.43,7.518247
5.53,6.7833457
6.86,6.881938
4.64,5.145509
3.08,7.2718463
7.85,7.4928813
2.76,4.7879844
4.3,4.0364194
5.3,4.7492695
6.11,6.4412403
7.46,7.353162
3.15,2.9732563
4.11,4.2990384
3.67,2.733673
3.17,4.008962
2.72,7.3873277
5.89,7.2667184
5.32,5.2699184
8.4,8.601148
4.05,6.7294855
6.46,6.992701
6.28,8.389088
4.8,5.7782598
6.47,6.2670383
8.26,9.422529
6.51,6.2542324
4.1,4.5519023
9.15,8.959456
7.08,6.5163984
4.89,4.0723696
6.6,6.556458
7.7,6.2838225
10.17,7.989091
4.76,3.4324863
5.4,5.652399
6.34,7.114105
9.05,5.841609
8.19,7.34485
7.07,6.0292726
8.48,8.885252
5.03,4.6544394
8.7,7.4422054
5.51,5.0159416
6.56,4.5119104
6.26,5.710129
4.06,5.177462
2.74,3.1531758
2.78,3.5689824
3.43,3.4567244
4.2,5.288024
4.48,4.5020204
8.92,9.65951
7.19,8.023063
5.96,5.3827915
5.25,4.166852
5.11,6.6070685
5.07,4.8981295
7.36,6.4848933
7.1,8.232403
8.15,6.0961394
6.21,7.4158463
7.85,6.952747
7.09,6.5248723
7.68,7.0025187
6.6,5.2643013
6.74,6.8191524
7.52,7.756395
5.04,4.9968905
5.15,5.341728
8.79,8.230526
7.7,7.032813
6.84,5.826857
4.47,4.7623
6.61,5.891418
5.48,5.1908946
5.51,6.645393
8.12,10.441978
4.1,5.062692
10.59,10.344595
6.92,6.5499268
4.55,5.6005993
5.8,6.195203
7.31,8.323351
3.44,5.6491823
7.48,9.032832
6.26,9.57712
6.59,6.052365
3.07,5.069028
7.51,6.94686
7.01,8.701259
6.61,6.5331597
3.77,5.2281623
8.38,7.712643
3.69,3.1591055
6.22,5.497345
6.87,8.465133
8.59,9.32428
6.24,4.1349277
8.55,7.16315
7.68,2.782366
6.04,7.4596567
8.98,8.47313
3.29,4.357691
4.31,4.272855
4.1,5.2958317
5.04,4.7216945
4.86,4.873717
5.76,7.9380374
5.98,5.796095
4.98,6.5619903
4.69,5.8304257
5.74,7.0856695
2.82,4.720196
5.16,5.6616364
3.37,4.164211
5.56,4.3008914
5.81,5.162034
4.6,3.738778
5.12,7.3174424
5.7,5.834048
7.17,7.9945045
4.96,5.079471
7.36,6.9934754
6.49,6.893646
5.71,7.530623
7.74,9.3263235
8.31,6.9222307
5.68,6.961925
5.28,5.1278834
6.17,8.014795
3.12,2.9737985
4.7,5.776168
3.98,3.7288892
5.1,6.35451
3.19,8.652759
8.64,7.3008966
5.46,5.823964
10.21,9.880312
10.0,9.748913
7.72,7.5225754
10.72,9.927996
3.54,5.150675
6.0,3.3986812
3.72,2.6238434
4.54,5.536394
3.9,5.9663744
6.21,7.0520616
6.01,6.9262156
6.6,5.2731934
5.22,6.759079
9.96,9.442805
6.96,6.584691
4.7,5.363003
4.2,4.8385434
6.0,4.8633466
7.72,7.8398046
7.37,8.445643
4.52,10.665469
10.0,9.049049
6.17,7.7468476
5.96,8.94446
3.3,3.8429937
5.05,5.454525
8.1,7.1208143
2.26,5.056225
5.1,6.3095617
9.05,7.8603525
6.0,6.90917
3.4,5.511639
5.24,5.5063887
9.96,6.8801975
8.1,7.626861
8.25,8.329442
8.8,8.571036
7.19,4.9880953
3.72,5.92562
4.04,4.652719
5.31,7.882491
6.55,6.305171
9.22,8.699859
9.42,8.604278
5.03,6.4665527
3.31,4.33965
8.52,8.349014
9.57,8.767238
7.48,8.771901
7.41,5.6438527
5.92,5.8667583
8.7,7.6457977
5.77,6.7857904
4.95,6.094798
5.52,4.09503
5.92,7.7674637
7.52,7.554289
4.0,3.4623785
4.27,5.783842
7.7,9.707511
5.59,5.222705
7.74,8.864305
5.55,3.7231839
6.92,5.2727785
4.49,5.6445007
8.7,8.493901
6.77,4.786519
6.03,7.9572873
6.2,5.857538
9.4,6.469827
5.92,6.350255
3.92,5.486412
9.82,5.4987693
6.77,6.7945557
11.85,8.886628
7.68,7.448548
9.13,8.27236
6.95,7.8381443
5.15,6.0098658
7.35,7.2143707
6.15,5.183061
6.74,6.2543235
8.05,6.975959
5.26,4.417427
8.15,9.32926
5.1,7.802702
6.34,6.509776
11.06,4.1812277
2.21,4.262852
7.77,7.816863
9.28,9.4034605
7.05,7.3590565
5.55,3.8973763
4.35,5.3777103
7.52,8.948225
8.77,9.8314295
4.77,4.3498363
5.7,4.8063154
4.61,5.1235995
8.05,9.225646
5.89,5.4526024
4.0,5.3070884
5.4,6.3538413
5.07,5.0270348
7.25,6.5592747
7.28,6.920733
5.02,6.420306
7.7,5.9287586
9.35,7.3225484
6.62,4.907554
2.92,4.996958
3.7,3.4837205
3.6,5.2802505
7.85,7.632891
5.7,7.957579
5.39,5.8696394
7.22,10.147346
7.7,5.3915854
7.39,5.862919
4.7,5.5935845
7.4,5.7849603
11.2,10.975415
11.59,13.12936
7.8,6.205225
7.82,7.9232316
5.96,5.820141
5.4,6.4163876
7.92,7.185156
9.4,10.108597
6.76,9.094756
9.51,8.280863
7.62,7.7086973
7.82,6.2313643
7.14,6.388775
6.82,9.376167
4.6,6.0338764
4.03,4.7479568
7.77,8.087286
8.52,7.8972445
3.51,4.4787683
5.47,7.609255
7.33,7.370389
3.42,5.206429
6.81,7.1556153
9.09,8.227433
8.0,7.722348
9.09,9.815471
6.08,6.4789786
5.44,7.897718
4.02,3.7308447
7.0,3.6284957
5.22,4.3319592
3.85,5.9017916
3.68,6.0147805
3.6,5.1637135
10.7,10.376838
7.55,7.202576
7.18,7.7492847
9.96,6.8935175
3.43,4.891273
8.89,7.875407
8.05,7.8728695
5.09,5.7073655
8.48,7.366912
9.3,8.219719
7.28,6.6995983
3.3,4.320082
7.74,8.030598
4.38,4.0412765
7.62,6.596346
6.17,7.0394597
5.73,6.390378
3.66,4.1601186
3.11,4.3189077
7.29,7.4866524
7.57,7.1686616
4.15,6.9719157
3.28,8.305164
4.42,3.9662375
5.6,8.129702
4.92,5.422344
5.89,6.952501
10.59,10.975621
9.64,9.533579
8.4,8.620276
8.7,7.87323
7.21,7.2221203
7.14,8.73342
3.73,5.1085415
8.3,10.097852
6.35,4.1778507
3.6,4.374013
3.19,4.0932097
5.49,5.4179063
7.19,4.1462994
8.0,8.025874
5.63,6.246494
8.19,8.153449
5.35,9.210719
7.1,9.036935
10.85,11.858182
3.89,5.0022397
7.84,8.893018
3.27,4.5541177
6.22,6.5691204
3.68,4.0753417
4.89,4.8948026
2.3,4.4503107
7.6,6.3912416
7.52,6.9285126
8.14,6.507941
4.88,4.690772
2.67,6.4429545
6.6,6.9806767
3.84,5.6165714
6.82,8.01553
7.43,7.57312
4.05,4.1702724
8.35,9.032379
5.28,6.422212
6.68,7.126834
5.9,7.316354
7.99,7.409372
9.28,8.69126
6.22,7.2314777
6.85,8.176828
4.02,5.8452463
5.22,6.581913
4.85,5.1117034
7.42,7.453294
6.55,6.8038282
7.35,7.6172185
7.64,7.244397
3.86,6.378109
5.58,7.547491
6.21,8.320634
3.47,2.9822693
5.14,4.2600117
6.57,6.5155067
5.27,11.129702
5.5,6.1978655
4.44,5.168275
4.96,5.077071
5.57,6.1469274
3.87,5.071784
6.68,6.6094713
8.38,7.50972
4.23,7.0051613
3.65,3.7209425
2.19,2.62785
6.05,6.1690974
11.0,7.764664
7.89,6.2172604
3.37,3.058031
8.35,9.480886
4.58,4.20272
3.12,3.1743736
7.09,6.5694265
9.0,7.464951
5.4,6.015518
6.58,7.1267495
3.36,3.0879865
3.1,3.5285575
9.07,8.720599
3.34,5.8028636
8.3,8.055535
6.56,7.4639964
5.1,5.0991926
5.89,4.4002037
7.7,8.658759
9.3,10.743181
5.12,6.035819
6.03,7.6400957
6.72,7.06241
4.82,6.269382
6.89,5.9440284
8.74,7.772852
4.67,5.2423677
9.59,8.691099
7.81,7.818732
7.83,7.757987
3.19,4.9808016
8.05,10.13004
7.51,11.445141
5.18,3.9255881
6.96,6.1012707
3.46,6.2491693
2.82,4.087384
4.43,8.265482
6.04,5.4374886
6.08,7.111656
4.82,5.402905
6.45,6.538707
5.78,6.583066
6.06,4.637392
4.71,4.802067
6.96,7.745556
2.74,3.037496
6.7,7.809034
4.22,5.0545025
6.21,6.086606
4.55,5.391868
3.9,3.1647391
10.35,7.125956
2.26,3.3595052
7.57,6.0787745
6.7,5.811952
6.16,6.7435265
4.48,6.5894723
6.0,6.0471625
9.15,8.276782
8.32,6.0367017
10.35,10.873625
6.43,7.3349633
8.05,6.9439335
4.19,5.497716
4.85,4.09103
4.27,4.787879
5.15,5.7961435
6.92,8.252913
6.62,5.4869056
6.87,6.4973564
7.3,4.954891
3.89,4.3142815
6.52,7.301751
8.0,8.022793
3.44,4.79582
4.84,4.1561775
2.22,4.9583807
4.12,4.3722115
11.57,9.514464
6.19,6.253973
9.78,9.269881
7.27,7.860423
8.96,8.522944
5.92,6.0588884
6.65,7.510948
7.4,7.771616
5.66,5.0505047
6.36,7.5822024
4.17,5.993366
5.06,3.4993782
4.46,4.06982
8.8,8.68427
4.1,5.357653
6.03,4.9660134
10.4,7.7100124
11.35,11.34602
4.14,4.608614
8.03,8.211666
5.24,6.1049924
9.22,8.337752
3.1,4.8394566
6.02,7.708423
5.0,5.5082717
2.65,5.622795
4.28,6.918787
8.17,7.842734
4.68,3.6666114
6.77,6.0823674
6.67,6.463298
3.49,4.7303734
2.96,3.8867722
4.23,6.161802
6.17,5.9780917
6.15,6.0237894
4.0,3.9683123
6.7,5.741273
2.6,3.4904017
8.92,8.699123
5.29,4.228426
5.48,5.27283
7.15,7.9673905
5.07,5.665154
6.49,5.6878414
6.28,6.6627793
7.72,8.434354
5.27,4.5234923
3.7,4.823595
8.07,11.129288
4.64,4.1685114
5.63,7.1456375
4.67,5.3896627
4.35,4.601674
4.57,3.9094105
7.8,8.681093
7.0,6.711321
8.92,9.029586
8.9,8.080173
6.32,5.0236006
4.06,4.3500285
5.85,5.6451006
5.79,7.019676
5.03,5.35361
7.14,7.7289505
8.44,8.576522
6.05,7.388357
5.59,4.9255247
5.85,3.4225597
7.41,6.2062826
10.3,8.806758
2.89,4.50734
6.64,7.4391212
7.46,5.1441584
5.52,5.973401
4.52,4.7004266
5.17,6.889537
5.74,5.3200274
6.71,7.2238016
2.89,3.5978923
3.98,3.2076564
4.71,5.9004855
5.92,6.6517906
8.54,6.4605894
8.6,8.477197
7.96,7.4277973
5.35,5.7124476
7.78,6.4460278
4.24,5.5076494
8.49,7.7308865
6.97,5.540906
8.85,6.7149925
10.15,8.688388
6.72,7.5500126
8.52,6.831465
7.33,7.2639484
6.76,5.65436
8.96,8.116296
6.15,4.0437217
6.48,7.8280396
7.09,8.495538
8.19,9.400573
5.77,6.808751
4.15,6.1618824
4.82,5.076874
6.67,6.9614573
2.89,4.6360188
6.63,7.606655
5.55,7.1909447
9.1,8.930898
8.97,7.0440235
9.7,7.690239
9.08,8.772702
7.54,3.4281492
4.33,5.1771307
4.47,3.8548903
4.09,4.2335343
6.6,6.407466
6.09,5.325796
10.26,10.188846
10.44,9.878215
10.55,10.226279
7.36,6.8137074
6.09,6.805476
10.47,11.5441675
5.81,6.139983
4.7,3.3821983
6.48,7.243394
3.0,4.782404
4.46,6.0242443
4.3,3.6803885
6.62,6.4257298
6.39,7.430547
5.24,5.8497314
8.11,7.872909
5.02,6.2988405
4.38,5.8733373
7.33,6.375945
4.94,6.899854
6.09,4.8551307
9.3,9.530885
5.75,7.4649553
6.04,6.92531
7.4,7.763709
9.8,10.376785
5.99,5.1291456
4.84,5.705267
8.3,7.206615
4.77,3.5460243
3.7,5.0576134
9.22,8.29765
9.52,9.175418
6.47,5.6909914
10.17,9.046393
7.12,6.9018803
5.85,6.3852305
4.45,6.661936
6.3,8.585387
4.37,4.753668
5.35,5.470498
5.07,6.1490555
5.26,5.3946905
5.33,5.716076
6.27,7.5351453
6.32,7.267956
8.0,5.384825
8.29,8.644816
7.1,6.116239
7.37,5.8223243
8.77,9.9409075
8.34,7.7886415
3.49,3.5989366
5.0,4.6220694
4.7,4.507332
8.36,8.046233
9.11,6.3555555
5.62,6.2450933
7.96,6.9481134
3.74,3.947085
7.37,5.6674156
8.0,7.5883017
5.05,6.561576
5.59,7.1837063
8.4,8.286003
8.64,8.973441
8.82,8.269224
4.35,6.81624
7.0,6.3689713
7.89,6.0519366
3.93,4.5905704
8.05,7.141627
10.96,10.325059
6.4,5.388332
9.64,9.023956
2.89,2.8327382
3.4,6.845607
7.72,6.7492027
6.82,6.059298
6.07,6.115788
5.11,5.277727
7.36,6.308436
7.62,7.0625105
8.38,7.9390035
5.82,7.0499268
5.1,7.1110415
6.7,4.5702944
3.18,5.612305
8.83,9.994756
5.32,5.28042
11.42,6.22817
4.54,3.3804789
8.82,8.481101
6.11,6.8583694
5.31,5.291869
5.4,7.424532
3.96,5.469576
5.92,8.59953
8.96,8.679089
9.74,7.391216
5.57,4.776321
5.96,5.879849
6.11,6.872136
7.13,6.716674
5.52,5.8418727
6.85,7.628229
4.11,4.4021473
3.3,2.9090617
5.49,8.0774145
7.19,7.4784074
4.48,5.311198
10.57,10.657068
5.74,6.002648
3.21,4.027094
10.07,8.832243
8.08,6.6852493
6.64,7.266301
4.77,6.421458
8.3,6.3148212
4.6,5.0685997
4.6,4.7391763
5.91,5.0130877
9.22,7.7210727
7.74,7.109443
6.3,5.2355227
9.55,6.0404797
9.22,8.588732
8.7,8.077071
7.12,5.6343036
4.82,4.6695437
9.48,7.3556695
5.32,3.6507447
8.14,7.7670574
7.3,5.282103
2.22,4.129327
6.43,5.0003476
5.77,4.4969683
6.0,6.49077
5.68,5.25066
6.82,5.696938
8.1,7.99006
4.3,3.829277
3.89,4.8682613
6.1,4.041394
7.22,4.980238
5.66,5.978798
7.94,8.038286
7.15,6.3915544
4.82,5.480409
3.59,4.450842
3.9,4.2378693
4.92,6.2758613
7.7,7.1036777
9.52,7.7723417
11.4,9.987429
11.57,10.200731
7.43,6.4615827
6.0,6.8250623
8.4,6.718605
6.62,7.155734
5.57,6.0548253
6.52,5.430736
4.79,5.0860863
8.52,5.3141356
5.64,8.693129
7.25,7.529494
8.4,8.451731
6.1,4.9474206
6.58,6.7602396
10.1,8.017514
7.2,6.292137
5.85,7.3856473
7.62,7.646991
8.34,7.5409317
7.48,4.2490315
4.47,5.444221
5.85,6.35562
6.89,5.847419
3.72,4.981989
7.8,8.628256
4.52,5.5785394
6.79,3.528909
5.64,6.1807737
4.0,5.75488
6.51,6.767914
7.7,5.7796793
8.4,5.7908974
3.52,5.309141
7.51,7.7270374
6.07,5.4893613
9.4,7.077107
5.12,5.7839613
3.96,6.1506166
6.93,7.0673456
7.96,8.243486
5.02,3.5283294
6.46,5.402541
6.8,4.835578
5.92,5.820955
11.3,9.196349
8.7,6.764943
6.84,7.318965
8.13,7.3545647
6.52,6.185664
4.12,5.115647
2.66,4.130857
6.15,6.055756
5.4,6.396757
6.07,4.8360996
6.64,6.914282
6.49,5.8327255
9.42,9.7435
8.15,3.180436
5.49,9.046938
4.52,7.402637
5.7,5.2061133
7.2,7.213979
8.8,9.778268
4.6,4.1482177
4.77,5.3264375
6.6,6.1823587
5.99,4.9425364
6.3,6.904995
4.88,4.9049973
4.72,4.4886913
7.46,8.174977
7.6,5.7231307
6.07,6.32303
3.48,3.1262646
2.0,3.5114925
7.82,8.099821
2.59,3.027458
5.89,6.7365417
4.47,6.2913923
6.52,5.2587733
7.02,7.728636
5.74,5.017543
5.48,6.5909586
4.28,5.702919
3.61,6.673929
8.36,9.486851
4.7,4.461459
5.62,5.0995092
5.36,4.8146873
10.06,9.985457
4.89,5.8640075
6.74,8.138655
5.36,6.674529
2.52,4.3008986
2.44,4.500429
8.52,8.19634
3.85,2.5025833
8.43,7.180893
4.75,5.4310107
4.7,4.375395
3.78,5.9722056
9.27,7.431402
4.76,4.8351965
6.46,6.1500473
6.74,6.2458067
8.0,7.619662
5.11,5.712641
7.25,7.6098337
9.1,8.907071
4.18,4.781729
5.65,6.241827
3.24,5.5396857
4.2,5.588171
5.25,4.706205
7.08,5.4900813
5.59,5.553872
11.3,9.427132
6.79,6.724118
6.26,6.6402493
6.4,4.713894
8.28,7.5597234
9.12,9.86379
9.0,8.352883
4.63,4.641863
5.02,7.3452826
4.93,4.2049923
8.22,8.36021
8.57,9.350783
8.89,8.09353
4.6,6.4565315
5.96,6.3551803
9.08,6.5986648
7.41,7.9625187
8.3,7.741351
3.23,4.5845037
4.85,6.0487356
8.7,7.2777777
4.62,4.985031
8.3,7.7920284
2.92,4.811823
7.28,7.317875
7.55,7.604041
4.73,3.8402405
3.0,3.560616
3.33,3.7711272
3.34,3.517376
3.14,3.1042953
6.25,5.6303697
2.76,3.2849789
4.42,5.342893
3.12,3.2661026
9.71,5.9855266
7.0,6.343315
9.24,6.0514646
7.12,7.2746534
8.03,8.123768
6.74,6.770421
6.74,6.595776
4.57,3.323289
6.57,6.955331
4.59,3.8192906
8.22,8.033981
5.12,5.639567
5.15,4.988671
7.92,7.0755386
8.92,8.52166
4.85,4.4137135
3.32,3.570687
3.99,3.6856463
7.17,8.768428
3.86,5.238822
5.24,4.2222495
5.62,3.072785
4.61,4.487859
3.39,4.4309864
5.73,7.0460043
5.04,4.423195
3.0,5.79823
7.82,8.849988
6.56,5.7901573
3.39,6.491143
3.35,4.690076
10.36,7.310781
8.15,5.192865
6.63,5.4576917
6.47,7.0599895
7.71,7.200857
2.96,2.6045046
5.96,5.4261565
4.03,3.3813639
4.19,3.815142
6.97,6.0754013
7.26,9.026861
5.24,5.713644
5.56,6.7532234
3.69,4.746498
4.85,5.3942046
7.04,7.444527
4.8,4.026503
5.55,4.6252646
7.66,7.2421026
5.11,4.3675985
5.92,4.4838552
7.64,6.09885
6.0,4.233651
6.87,6.3916883
5.85,6.54251
5.48,4.1895895
7.62,7.305995
8.02,6.4837785
3.76,3.3980286
10.42,8.330828
8.82,9.601744
6.63,6.4807854
9.07,7.572545
4.07,5.8095355
9.03,9.77056
9.49,8.739656
8.02,7.252949
10.37,9.3409605
10.52,6.0616446
8.33,8.436863
8.0,7.432728
6.6,8.054338
6.69,5.3891497
5.49,5.284406
7.0,5.9641786
11.0,9.242572
8.85,8.357472
4.46,6.999655
3.6,5.1897416
4.41,5.8434467
8.35,5.994722
4.83,4.854883
4.85,4.4272537
6.57,7.7211857
4.85,5.617153
3.31,3.2167046
6.86,6.6352835
7.36,8.007559
3.55,3.4669492
8.21,8.413832
4.16,4.051471
6.57,5.6864333
7.0,7.025444
3.3,3.773472
6.4,6.479094
4.99,4.8485727
6.31,7.8668118
7.09,6.958192
3.51,3.39766
6.3,5.3041954
8.62,8.948334
7.8,7.2546186
9.22,7.9874907
4.89,5.9397273
5.52,4.188962
7.74,7.205451
4.89,7.1778984
8.3,8.019337
6.85,7.07157
5.22,5.666722
8.72,9.58711
8.15,6.3908105
4.74,4.537522
4.59,4.5063977
6.11,7.313647
8.82,7.7851753
8.44,7.434086
5.14,5.9718914
7.0,7.9806457
9.4,8.393875
5.27,5.582054
2.62,5.1385674
7.89,4.5606127
5.7,5.3598413
6.35,5.441339
3.95,3.799689
2.24,4.7709312
4.32,6.0132465
6.47,6.014793
8.52,8.060728
2.31,4.462881
7.95,7.624722
5.68,6.954783
6.6,6.7936473
6.49,6.4717298
7.47,6.460556
7.73,6.6315427
4.89,5.585333
5.34,5.1180315
5.01,5.1928005
5.96,8.482399
4.37,3.4815192
4.1,4.5546947
5.96,4.6029263
3.46,4.0244594
10.49,9.707185
5.82,4.016242
7.38,6.4791055
8.15,8.288764
7.47,7.15743
6.49,6.8764057
7.4,6.476102
5.47,5.257161
10.85,8.008734
5.96,6.591229
10.6,7.733665
8.42,5.9525304
8.8,5.9620576
8.99,7.1988993
4.21,5.494436
8.21,6.8363223
6.42,5.049244
3.26,3.6498888
4.89,5.3808894
7.72,5.829459
4.97,4.233281
9.19,8.760883
7.05,8.426672
5.1,5.8284807
7.6,8.64243
4.78,4.9982963
6.34,5.735921
4.48,5.148377
7.36,6.890152
8.05,7.1899395
10.58,10.035064
7.11,5.000353
5.75,6.548816
5.3,5.980307
6.29,6.372783
7.94,5.7598934
7.0,7.4329596
6.76,7.755498
6.51,6.862968
2.47,4.6295815
4.59,4.8408823
5.01,4.948416
8.4,6.721975
3.92,6.65327
6.89,7.914785
8.4,6.8366914
7.55,7.445379
5.92,6.5228977
5.6,5.2618127
9.22,8.132968
3.46,3.8904786
4.03,6.515053
7.09,7.1343913
5.57,4.8810215
5.82,4.946515
6.24,7.616068
4.92,7.999126
7.24,4.261115
5.11,4.60668
7.35,8.232013
4.25,4.4025087
7.72,6.922751
4.38,6.2814174
7.0,5.833229
6.15,6.507125
4.51,4.7533364
7.92,7.503936
8.19,7.662152
7.66,7.456537
4.54,2.9331284
3.59,3.7996082
5.23,4.719006
6.32,5.902163
5.12,4.8332458
7.36,6.935546
6.74,6.437179
5.4,5.1764717
6.43,6.5287037
7.95,7.6401505
4.74,5.7715178
4.77,5.2285237
6.4,6.6161833
4.72,4.827603
3.37,3.511959
5.92,6.65049
6.92,6.127883
5.3,6.6973257
7.43,6.2397585
10.52,11.083471
7.4,5.757651
8.57,7.157322
9.34,8.566931
10.0,9.981827
5.4,4.950811
3.22,6.269718
10.0,7.2069592
6.0,4.5784354
7.57,5.1647115
6.1,7.8250256
9.04,10.346411
3.1,4.0303583
7.16,6.3896894
2.96,5.1178384
6.59,8.11371
8.15,8.131429
8.4,8.006739
7.17,7.411832
5.48,4.776696
5.08,4.5466547
7.22,7.692176
4.66,3.3109732
5.34,5.0482674
5.0,5.142762
3.82,7.0743556
7.96,6.9410877
5.57,4.758313
7.55,7.156747
5.85,6.0086913
6.06,5.717765
4.91,4.53886
3.77,3.753644
7.52,7.258128
7.85,5.8359923
5.81,6.1801543
6.82,5.6218443
8.39,9.153776
2.22,5.517761
4.66,5.9235563
9.0,7.373951
7.45,7.209345
6.55,6.928381
4.85,6.879396
5.23,4.8828635
8.11,9.187103
7.31,7.6317024
6.77,6.673461
5.22,5.564362
6.77,6.4982967
9.57,7.959077
7.4,8.253215
5.1,6.6043687
4.21,4.8827176
4.1,5.8734674
6.09,4.5048666
7.72,7.146599
5.1,4.671975
5.19,5.7046037
3.62,4.560071
6.16,7.5101337
5.8,5.8771667
11.3,9.2083025
4.22,4.4360905
6.85,5.4682612
10.62,8.870905
7.96,8.196189
3.07,3.5410776
6.2,6.621229
4.37,5.4221334
8.0,5.081658
3.37,3.2110968
7.74,5.671178
7.06,4.1876554
7.52,7.879014
5.77,4.5498333
3.84,3.2016993
7.34,7.4894757
6.82,7.20172
4.82,4.206998
4.73,4.687994
4.74,4.9173193
3.0,4.711274
6.12,7.939258
7.47,7.3506947
6.88,7.123049
7.15,6.873769
11.7,9.38571
7.07,7.2955
6.52,7.187635
7.0,6.5375195
9.22,6.569825
3.69,4.4393167
4.39,6.586047
5.33,6.0701356
3.93,5.315412
8.3,9.3102
5.52,5.2697153
6.64,6.1370897
7.54,7.4128613
8.7,9.086378
6.12,8.7713995
6.1,7.1525517
8.7,7.3812
3.96,2.906007
4.94,5.63073
7.0,4.4082594
4.66,4.2171335
7.22,7.859189
8.48,9.73661
11.68,10.697295
6.6,7.3391705
6.35,6.027506
7.0,6.651628
5.41,7.0534267
4.89,4.9278917
6.6,6.111665
5.24,6.800669
4.59,6.023585
7.52,7.519898
8.37,9.2672
6.06,6.224572
6.3,5.6015334
6.7,6.615457
3.48,5.9990187
6.35,6.007156
10.89,10.118114
7.28,6.176361
4.43,5.335638
8.1,6.8863964
6.31,6.037489
4.4,4.832223
6.7,5.2115297
8.69,10.104458
4.26,5.639031
5.76,6.989259
2.6,4.286603
3.9,4.851091
4.68,6.857576
5.71,5.8289094
5.72,4.947346
8.44,3.5035176
3.71,3.9995258
3.02,3.7316558
3.3,4.379777
6.62,5.1618176
5.0,4.314378
6.6,4.6465845
8.7,9.069024
8.0,6.6516848
4.15,4.780675
8.44,8.833216
6.4,6.013344
5.52,4.727677
9.57,9.326538
5.17,5.2804956
5.22,7.3671875
7.96,4.882796
5.05,6.088704
7.05,6.662886
6.86,9.716013
3.6,5.0403833
5.57,5.265402
4.03,6.6266522
3.35,2.8358018
4.85,5.3261704
7.22,7.1917696
6.42,4.3270764
8.15,8.57758
8.06,8.9416895
7.85,8.849907
4.2,3.8757093
7.0,6.9227014
7.77,6.864342
5.62,6.703799
7.17,7.967881
6.91,4.1089025
4.62,4.636186
7.09,6.8505974
4.22,7.2986197
9.52,8.722336
9.77,10.6820545
3.96,4.725511
4.52,3.8107212
7.89,4.716482
7.64,7.700869
8.24,7.046196
8.09,7.5615954
3.0,2.830358
6.05,4.709437
9.0,8.040377
4.43,5.167704
6.72,6.8707824
7.73,6.7216635
6.62,5.532695
5.44,6.2490582
10.96,9.78592
6.77,7.9141207
7.96,6.583483
6.49,7.421502
8.83,11.122772
5.43,4.4049835
8.66,7.754672
9.3,8.445567
7.49,7.338838
11.3,10.848454
6.52,5.9649124
9.1,7.661804
7.46,6.003853
4.85,5.502116
9.19,7.751112
6.22,5.8497496
7.59,6.509557
6.44,6.3480554
6.57,6.3469114
6.92,4.4954133
5.92,5.9555874
4.77,4.613559
7.89,8.592174
7.41,4.080326
5.64,6.0292563
6.99,8.457388
8.52,7.9299955
4.19,4.01859
3.04,4.1006465
6.98,7.645146
3.25,5.671009
3.38,3.6915948
8.72,8.375385
7.74,8.264086
4.51,6.1104693
7.77,7.470319
7.22,4.178774
2.52,3.349087
6.18,5.3574843
5.74,7.8570776
5.66,3.9920619
6.34,8.03691
7.42,6.772572
9.4,8.537456
7.92,9.610686
4.51,3.7375324
7.7,7.615427
6.98,7.3766813
7.33,5.7611084
8.94,8.742076
3.34,3.131733
6.62,6.4245
6.77,7.230586
6.43,6.2266154
5.96,6.2384214
4.94,6.5240684
5.83,5.9194202
8.77,8.920501
8.92,8.507451
5.8,5.8560257
6.15,6.3204565
10.18,6.675573
8.85,9.411617
4.37,5.0650063
7.84,6.2917614
7.77,7.0892615
4.52,3.4429486
8.62,7.626993
2.53,7.3249216
4.14,5.5818424
3.5,3.9479458
4.46,5.9530935
10.9,9.536898
7.85,7.5922995
6.7,5.868232
4.92,5.524371
4.3,3.2725546
5.84,5.8189583
6.05,6.814918
5.68,3.04529
10.62,10.46242
10.0,6.618381
11.57,9.820111
4.8,3.1751797
9.96,11.461486
6.05,6.843114
3.88,4.0460143
3.87,4.7226515
3.89,3.331484
8.28,6.505299
6.55,6.238947
5.08,7.978845
4.35,4.2791405
7.92,7.2375116
4.64,5.2615585
11.7,10.115261
4.42,3.9224737
5.77,6.628805
5.47,4.8288727
4.12,3.6834934
7.03,5.9838905
7.24,7.6232944
7.92,8.329653
8.7,7.5426855
5.59,5.6208086
7.7,8.145977
4.66,5.4174643
3.69,4.7637496
3.76,6.232708
5.18,4.6904354
6.26,6.8410187
6.42,5.8067756
2.52,4.903315
8.11,8.335498
8.37,7.679682
7.8,8.126865
4.56,5.1818295
6.89,7.570265
6.97,6.513063
9.23,8.974568
9.5,9.050975
5.0,5.8238144
2.31,4.4016876
2.47,4.466976
7.68,6.6484528
4.62,5.8599772
5.8,4.587608
5.97,6.334803
5.82,5.875249
6.28,5.2042556
5.51,5.592529
4.33,7.271613
6.52,5.0691385
9.09,9.5839405
4.39,4.525194
5.06,5.033839
5.54,6.420402
5.17,4.388108
6.73,7.5183573
9.4,6.2694435
5.25,6.2392693
7.21,6.5466566
7.51,6.5864067
7.55,7.9719973
8.69,8.411045
4.92,5.3817887
6.3,4.969943
3.69,5.6305127
3.63,3.86778
7.06,9.029256
4.11,6.534073
9.1,9.008001
5.85,6.1045203
5.74,5.0665407
5.85,6.7525663
5.4,4.7276397
5.22,4.6087523
6.59,7.1183233
2.8,4.5372343
8.22,8.446979
5.9,5.601555
2.89,5.149592
3.95,3.288488
6.52,5.994608
5.27,7.0841703
9.4,8.089477
8.55,7.479044
7.34,7.416916
7.38,7.5806026
4.49,8.332466
6.87,7.4597416
4.3,3.610998
6.41,6.585478
7.09,6.8794312
4.48,4.586384
4.68,2.8835232
6.64,6.5319114
6.4,6.646855
7.1,7.371951
9.2,7.5567527
4.14,3.4162977
2.48,2.879795
5.31,5.4942703
7.95,7.2641497
6.14,6.890252
9.12,6.553568
7.59,7.002206
7.72,6.3296843
8.55,6.9671607
7.99,7.58069
6.44,8.738895
4.03,3.9801865
4.66,4.3218727
4.77,5.430634
5.09,5.4048905
6.71,7.2959123
5.8,7.1588
4.24,4.1196885
4.39,3.390562
3.17,3.5065014
4.56,5.337291
5.74,4.2626934
5.19,5.08856
9.7,7.3852954
4.1,3.8462663
7.6,5.7569494
7.31,7.4661846
6.46,6.6005373
8.05,7.796978
7.06,5.260488
6.38,4.6995077
5.96,8.494933
7.61,6.45567
8.44,8.224763
6.72,7.50511
6.23,6.219478
4.7,6.2674894
7.18,7.8568335
6.79,6.890885
3.65,4.3713455
2.17,4.114305
6.69,8.096989
7.06,6.972638
5.75,5.8293295
7.21,5.776217
8.2,6.987093
8.62,6.088442
3.14,3.7546134
5.23,4.2937355
3.95,4.3901215
10.12,8.498482
7.3,7.013897
4.03,3.7622554
4.35,3.352936
4.25,4.3913565
10.72,8.985426
3.19,3.0528243
8.85,8.397052
6.89,6.7234273
11.92,9.948507
6.7,7.862976
5.95,4.482249
5.91,6.3377028
4.62,4.695396
4.47,4.694546
7.29,5.822882
6.85,7.8889093
5.59,4.0120797
4.66,4.4377804
6.77,5.479102
6.4,7.2506046
5.49,5.193801
2.77,4.108122
7.37,6.7980294
3.74,4.045962
7.33,5.228084
7.5,7.3020372
7.17,6.0956907
6.66,6.6680117
6.98,7.739296
5.7,6.495946
8.1,7.4863176
5.1,4.535243
7.85,7.9445095
5.07,6.902397
8.37,8.714037
5.7,5.9884424
7.66,8.070972
9.34,10.111408
6.29,6.822891
6.5,4.727863
4.7,4.818275
4.6,4.875598
5.35,4.6776466
6.67,7.382386
7.48,8.059726
6.48,8.712478
4.72,4.8647795
4.89,5.3233104
5.3,6.0377955
5.1,6.204447
6.78,5.4686785
7.51,5.053652
5.13,6.5850973
5.59,6.158614
6.54,7.261088
9.3,8.428951
8.49,8.68791
4.06,6.5742846
7.64,7.510411
8.4,8.773664
6.74,5.6918836
6.1,6.68554
5.89,6.3178873
8.6,9.939271
3.4,4.4303527
6.66,8.368244
6.0,7.1191015
9.55,7.6461167
4.82,4.9507055
10.0,9.405391
6.66,5.8057547
7.66,7.918836
7.4,4.326212
9.4,8.561374
8.8,9.312752
7.0,6.413227
9.44,8.525706
9.54,8.916816
8.1,5.8487067
2.92,4.6087046
7.28,8.750804
6.37,6.203912
11.4,10.524383
10.52,8.234969
10.0,6.100157
6.62,3.3396344
7.52,9.156254
6.19,5.748149
6.89,6.9673386
4.92,5.4400105
6.92,8.042878
4.22,5.096083
4.04,4.0562463
6.46,7.7064824
9.0,8.568112
8.64,9.416692
10.05,6.275943
7.82,6.3074307
3.59,4.30678
8.11,8.64912
9.07,7.892047
5.21,4.634918
5.09,4.370531
6.36,5.6314077
7.68,5.8463316
8.12,7.55371
5.74,5.8913593
6.82,7.2078886
2.44,5.467985
3.03,3.5849538
8.81,5.674041
4.4,5.92966
5.15,4.5604153
5.7,4.2103453
5.01,5.8072004
7.66,9.033732
9.47,8.384601
10.24,9.20824
8.77,7.5603228
5.0,5.6186047
8.92,8.996365
8.1,9.272219
6.92,8.437433
8.7,9.301955
4.42,5.3156967
7.48,7.346312
4.22,6.39301
3.4,7.2910767
3.25,4.372881
5.6,6.315388
7.68,6.9007683
8.7,8.096174
3.7,4.469446
6.73,7.77518
8.24,7.3664913
5.92,6.0774155
8.1,7.0386105
8.0,7.0412416
5.7,6.773663
7.62,7.937815
9.29,7.7672243
3.64,4.414627
8.05,5.1513066
8.4,6.336752
6.31,7.7405214
7.4,8.838991
5.68,6.4104595
7.28,6.6431494
9.22,7.493929
7.17,7.8342996
9.89,6.4385557
7.1,4.7805505
6.89,5.4269557
6.71,7.4117403
8.32,4.69971
6.52,5.6114287
4.32,5.2982235
6.38,5.899962
3.81,7.099267
8.05,7.917802
4.8,5.206827
7.6,8.131267
7.92,8.38742
7.96,8.773726
6.53,8.008741
8.7,7.6746607
7.18,7.9360256
6.3,5.5820494
6.68,6.1372604
7.25,7.6478558
5.19,6.185876
10.2,10.528032
7.15,9.203568
4.0,3.9423513
5.67,6.444433
3.22,3.6383142
9.08,8.510404
5.89,5.045397
8.4,7.5667896
4.96,6.1936655
4.94,5.099489
4.15,5.789237
7.03,8.148945
2.74,3.5900722
9.13,7.0888386
5.29,6.9628816
8.7,8.722935
8.59,6.747575
7.8,8.049727
4.43,5.18776
4.03,5.906274
6.72,7.824672
6.46,6.533035
5.47,4.552024
8.87,7.488679
6.55,6.279612
5.07,5.262299
8.09,8.397955
6.64,5.820796
7.7,5.8255405
8.82,7.1066933
9.08,9.572984
5.7,5.5914965
7.8,8.211781
3.81,5.056436
5.17,5.6638317
6.27,6.7462955
3.18,3.3080118
5.48,4.844892
6.18,7.002935
7.3,6.810568
8.22,9.027875
3.75,4.5323973
4.8,4.498667
5.22,4.318303
6.52,5.2288284
7.22,7.642431
5.85,5.4657207
4.72,6.610144
7.92,8.323893
6.7,6.47067
9.41,9.756749
2.69,5.48158
3.72,5.225793
6.63,4.7751417
8.23,7.8266487
6.77,4.9458284
6.8,7.71824
11.22,9.88363
2.17,6.7101536
2.35,3.5478492
3.3,3.5801258
8.27,8.454278
6.51,7.8025475
5.39,5.8467035
7.52,9.250739
6.89,7.240808
8.3,8.426389
6.7,3.6984532
8.7,7.946409
4.1,4.954
7.32,6.9065237
3.6,6.6338673
8.3,7.707177
5.54,5.318041
8.0,6.869301
7.64,7.232998
7.0,7.166358
6.92,7.6874576
7.22,6.956951
9.1,6.515978
6.7,7.64938
3.46,3.3362842
10.01,11.480049
8.15,6.571703
7.28,5.8379793
5.2,6.213738
5.1,6.8821154
4.55,6.9983006
3.66,6.113852
4.88,7.1255655
5.22,4.561204
4.17,6.4362955
5.89,5.58078
5.82,5.641436
4.05,6.537759
6.89,7.167022
7.96,9.7624235
7.3,7.6997786
6.25,5.9870853
5.77,6.145651
4.92,5.5856028
9.64,10.62836
8.7,7.5726986
7.35,6.8674173
7.59,5.538203
7.95,6.995778
3.28,5.830539
5.44,6.6673098
6.0,6.2312517
4.69,4.141856
6.9,6.1839414
6.1,6.6763945
4.0,2.7014015
9.1,10.461486
7.82,4.515804
9.32,6.715849
6.51,4.15578
7.0,7.260462
6.92,6.5456305
8.0,8.030829
8.4,7.990935
6.54,7.007617
3.98,4.3590426
2.27,3.8749743
9.28,9.795623
7.23,6.4367547
7.45,7.549449
7.21,6.8738165
7.92,7.885366
8.14,7.6319113
3.59,3.4166934
4.15,3.0802803
4.47,5.38151
6.31,5.422489
3.15,3.6690073
5.64,6.4870195
6.6,6.1344585
5.14,3.313175
8.09,8.271125
3.47,7.2958717
9.4,6.3858194
6.3,6.802491
6.7,5.104743
6.99,7.21362
5.21,5.830059
3.73,6.9265685
3.05,3.591392
7.2,6.6235514
2.89,4.384122
3.47,4.6250734
7.38,7.768376
11.05,9.820516
4.93,5.0492935
5.03,5.178375
8.72,7.29994
3.68,6.2734656
7.74,8.028226
5.28,4.7753096
4.7,5.9085064
4.6,7.3956385
5.21,5.3857174
3.82,5.4492226
4.84,4.3762894
6.0,5.216831
6.1,6.1531324
7.49,6.5099535
4.68,7.9358315
7.23,8.974711
7.26,8.672602
8.77,6.5335712
7.89,8.429234
3.82,4.3236136
2.19,3.4826589
3.52,3.7184467
5.76,5.713191
7.8,7.6183605
5.47,5.423334
3.42,4.7936325
6.22,6.7390738
4.19,5.8674974
5.42,6.1804247
6.72,6.202314
8.52,6.8245316
7.16,6.763275
6.5,6.844199
6.6,7.119565
5.82,6.9556303
8.0,7.249298
6.44,6.49905
6.3,7.4895334
3.02,4.8240128
3.9,8.458653
5.54,7.0243926
7.28,8.096798
3.03,3.9108627
7.82,5.289871
6.26,5.748352
7.3,8.211806
7.64,7.928267
5.41,6.425725
7.52,7.3274384
2.41,4.081068
4.32,5.6083612
4.28,6.3064346
9.05,7.82707
4.77,4.9360414
7.1,6.978822
4.76,4.5937533
7.85,8.584355
8.24,8.443467
7.75,7.692683
6.59,7.393855
9.82,9.683755
9.11,9.842346
2.92,4.792442
5.24,6.0750685
7.96,7.2015696
2.77,4.651306
7.89,8.349478
7.76,7.4873085
6.03,6.4998255
7.13,5.682907
9.82,9.229217
6.33,5.788281
4.72,8.08722
8.7,5.7771635
9.3,7.610214
5.17,5.7669144
5.44,3.7015965
5.25,5.509509
7.28,8.952115
5.41,7.201128
6.92,6.7543516
7.52,7.7983494
7.65,7.233384
6.3,5.235588
7.92,8.75982
5.44,6.286316
4.24,3.937636
7.91,8.186905
6.1,6.757647
5.87,5.4128704
5.31,7.0400114
5.4,4.9124537
6.57,6.0996513
6.0,7.180598
4.26,5.194334
4.2,4.608747
8.19,6.8265257
3.67,4.4070625
5.26,4.9073734
7.85,4.4914308
7.62,8.172367
7.92,6.9905214
6.64,7.799231
7.52,6.688493
6.73,7.979659
7.6,8.655192
8.34,8.428129
4.46,4.391845
4.85,6.535229
6.45,6.8068876
6.34,6.234308
9.29,9.029415
9.49,9.162406
8.05,6.7995267
7.13,5.052614
5.9,5.214922
8.85,5.744712
3.84,4.0359483
5.74,5.421406
8.09,6.4650335
5.32,6.908501
6.33,7.044099
7.68,7.7391167
7.05,7.120201
4.88,3.77445
6.39,4.842603
3.69,6.1932173
4.92,4.564313
5.67,8.346381
5.04,6.0488796
2.17,3.3774679
3.23,3.4177842
5.59,7.8337708
5.4,8.213733
2.85,3.4420161
6.55,6.9387665
4.54,4.676523
7.64,7.2413454
6.36,8.290325
7.11,6.3388915
7.85,7.1186166
4.24,6.6811743
7.17,7.659933
6.0,7.5201235
8.74,9.392812
7.22,7.559376
10.82,10.7342005
7.06,6.374654
5.19,5.019371
6.67,6.9074974
11.52,8.362276
5.3,3.375713
6.85,7.633113
5.96,5.648456
4.18,6.4129176
3.82,3.0805128
6.55,7.231337
9.48,10.16764
6.83,6.5341573
10.0,8.563724
6.6,8.412862
6.63,7.8811507
8.0,6.2277746
5.64,4.75973
3.77,7.1864905
7.15,6.6368093
6.12,6.248807
8.1,6.9136124
5.82,5.066119
6.49,7.823869
3.52,4.657381
5.51,7.0468097
3.7,4.8009324
3.58,4.7812834
4.99,5.9273653
5.67,8.340318
7.59,8.68957
6.4,5.6772747
7.46,8.902062
4.82,6.244129
7.94,8.526878
7.01,7.438158
7.0,5.143239
5.42,5.3628855
7.55,6.561797
7.8,6.382101
6.52,6.2193213
4.68,6.047332
6.42,6.128681
5.13,5.785102
5.07,5.1864123
4.5,5.169874
5.23,5.5880213
6.43,6.832155
2.38,5.9146824
5.92,7.259049
7.15,6.7916822
9.0,7.578267
5.05,6.354211
5.41,6.146685
5.37,6.0531144
6.7,5.47399
4.52,5.43522
5.15,4.8467674
7.37,8.148521
9.96,10.852542
7.55,6.019679
9.15,8.692983
9.7,5.603691
4.66,8.78638
10.3,10.961894
9.3,9.315352
7.5,11.896761
4.52,5.2797976
4.54,3.8103957
4.96,4.6935496
5.06,4.919943
7.46,9.454906
4.92,5.98109
6.08,6.128359
8.22,6.148468
2.37,4.043759
8.8,3.8877456
5.21,7.1938715
7.16,7.2748857
10.0,10.402223
2.5,2.5349996
4.31,3.1148944
6.28,7.409647
6.7,6.6476016
7.03,6.426332
6.7,6.5557733
7.82,6.1607156
7.28,6.885985
6.34,6.781745
4.38,6.0937676
4.8,3.8355577
9.49,9.199651
6.36,5.277298
6.68,4.3108873
5.29,4.5835752
11.92,5.1399536
8.85,9.147085
11.1,7.5111103
7.4,7.5888896
9.05,6.64539
3.0,3.6902332
6.85,6.551147
7.74,6.819093
6.48,5.4220963
5.28,4.9818797
2.39,4.6641316
6.89,4.916076
7.0,6.837573
7.7,7.704748
7.24,7.638275
8.41,8.490159
5.47,6.2083216
2.57,5.32921
5.44,5.9988375
8.22,7.088534
10.19,9.331452
6.47,5.437554
7.25,5.9954596
3.33,4.705262
3.52,4.68743
6.6,7.10346
8.4,8.735263
9.4,9.135851
7.52,8.4557085
3.7,3.8359826
3.89,2.8357623
6.1,4.9674544
4.15,6.47431
6.68,7.892945
7.52,5.373055
4.52,7.875099
9.7,9.050349
9.09,10.1109915
8.38,8.300614
5.66,6.4955206
6.08,9.495246
6.31,4.7252297
5.15,4.304066
7.3,6.255661
5.0,5.6791635
6.92,7.791237
8.55,7.100157
3.23,3.2090573
8.3,9.089021
7.57,5.637187
6.72,7.4093246
7.74,7.0923347
10.0,9.096224
5.24,6.8963056
6.89,8.496959
7.74,6.879143
6.03,9.550188
7.36,6.5662913
4.22,4.8894014
6.03,5.671438
7.42,8.356215
7.3,8.808391
2.93,3.3086336
6.19,6.138889
5.22,5.0656443
3.05,4.1000433
7.55,5.604257
6.19,5.8504558
4.29,3.8480806
3.37,4.2968526
8.48,8.267807
8.22,7.3340497
4.0,4.6924725
6.26,3.679443
6.18,8.683121
7.08,7.6307282
3.08,5.8188763
7.09,5.6403503
9.92,8.544527
5.15,6.307915
6.64,6.5687876
6.19,5.874456
8.27,8.114811
8.01,6.113513
3.55,5.2039704
4.06,4.9892
3.79,3.9466674
8.1,8.071453
6.6,6.922644
6.6,7.8646097
10.52,9.18243
9.18,7.936934
4.7,4.705594
2.7,5.513182
9.52,8.23533
6.0,4.179686
6.07,6.808584
7.34,8.012583
4.82,5.126984
5.7,6.3216367
4.59,6.2893586
7.13,6.4122896
3.52,4.1942415
8.2,7.836469
6.44,7.6956954
4.23,5.9952054
5.49,8.182323
6.82,6.6018147
7.42,8.625801
7.12,7.7622223
7.57,8.203918
5.68,6.2384114
9.01,9.8050995
9.1,8.953027
10.85,10.008207
3.6,5.357298
3.42,3.215117
4.32,7.625418
3.9,4.2562604
3.55,4.6572237
4.51,3.793853
4.85,5.445097
4.08,4.693274
9.85,10.035689
5.49,6.2270823
3.41,4.35153
4.07,5.745342
5.06,6.5142436
4.09,5.8157525
6.01,5.7459917
2.94,2.7248263
3.42,4.9574037
6.1,6.3628054
5.9,5.599219
9.19,8.341467
10.62,9.37971
7.82,6.932779
6.69,7.1570253
8.7,8.347153
5.75,5.481128
5.14,5.919842
3.85,4.516747
7.28,8.200248
5.6,4.9280324
5.85,3.6492918
6.74,6.8392477
7.89,6.82056
7.79,4.601665
6.14,7.331257
3.77,4.0348487
5.28,4.3961954
5.6,7.685994
6.5,7.255383
7.56,8.606189
7.58,8.0190115
2.98,5.400997
10.68,8.914957
6.35,5.2715616
8.0,7.613922
7.26,6.6174517
7.8,5.912942
5.7,7.9500923
3.37,4.5882545
8.96,9.390411
2.98,5.302662
6.35,4.892258
7.6,8.189652
7.52,8.313708
7.19,7.025313
5.7,6.6695023
7.28,7.596628
6.77,8.560804
6.74,6.028727
4.68,4.494392
5.0,4.656164
4.53,5.382759
7.64,6.170467
6.98,5.0793924
8.7,9.042747
9.92,5.506057
4.0,5.9001102
4.77,5.359574
5.07,5.3613257
5.34,8.442786
2.92,4.282769
11.28,8.398755
3.7,3.802178
5.94,5.7609105
8.52,8.682887
5.39,4.856309
4.12,3.7352726
7.25,7.566472
2.3,3.2415543
8.05,7.374626
7.52,7.574117
7.2,8.336822
3.48,6.054641
7.62,6.169935
8.8,6.788393
5.68,7.4416256
11.23,9.745682
6.36,7.4769793
7.39,5.6462755
5.0,5.55948
7.02,5.702242
7.22,5.6536202
9.65,7.413623
7.06,7.4839807
6.45,7.148473
8.58,4.9863596
6.41,7.6217856
5.63,4.33774
6.4,6.5312853
6.82,6.7451906
5.05,7.0333886
5.72,6.2843666
9.7,7.6972175
6.36,6.2478366
5.38,4.539907
8.51,7.419665
8.05,5.5874577
7.48,7.093118
6.31,6.9206343
8.25,7.185483
9.19,9.602521
6.24,3.453551
7.72,6.80101
4.75,6.3303046
5.18,4.829462
7.0,7.217555
8.47,7.476071
4.96,3.052388
3.82,5.0843754
7.96,7.987172
7.44,8.200281
3.24,2.719295
3.95,4.2462783
7.1,6.6729145
4.21,4.08849
9.7,8.472759
6.71,5.297611
6.96,6.8390317
7.5,8.173931
7.57,9.040651
5.59,6.0802383
7.68,6.44367
6.28,5.505774
5.18,7.418027
5.62,5.801211
4.41,4.8087244
6.27,5.520375
5.43,6.4260526
3.28,4.055461
7.7,8.550884
2.21,4.0910687
5.8,3.594468
7.61,6.3744826
6.1,5.908521
11.32,5.8010483
6.43,4.430238
6.62,5.434904
4.22,5.1537504
9.6,8.206115
8.0,8.455836
6.49,7.5279565
8.82,9.493542
3.04,3.4574823
3.67,3.3765
4.3,3.8381648
5.4,3.722724
7.29,7.809163
4.85,7.0469203
9.03,8.248178
5.51,4.090633
4.77,6.1835604
8.57,7.1631136
7.4,8.766158
6.84,7.803038
8.42,7.5787454
4.15,3.3974485
4.89,6.1335006
7.77,8.735789
6.74,7.4128184
8.49,9.242469
7.85,9.437703
5.94,6.1537
6.46,4.6491733
6.33,5.769928
4.36,4.5771637
5.03,5.656018
6.82,6.4753575
5.76,9.60381
8.0,6.9123526
8.28,8.453241
4.17,5.2714944
4.0,4.1838765
5.48,3.5757382
5.4,4.017023
7.57,7.0708046
5.43,6.2781115
7.82,6.9579015
7.74,8.056874
11.15,10.7721815
6.39,6.776345
6.95,5.5380974
7.36,8.406464
8.6,4.5628963
4.23,4.503375
6.59,5.3334312
5.51,3.7692144
8.7,8.00516
7.96,7.6884985
8.1,6.345123
6.47,6.992327
6.28,5.995187
7.0,6.5846915
3.62,4.1707163
6.54,5.6440887
2.64,5.385756
7.1,7.7065673
7.77,7.6661596
5.89,6.4343457
9.47,10.310515
7.15,10.235405
9.21,8.784071
5.86,7.23835
3.74,4.4769645
5.8,7.730533
8.44,8.182087
5.51,6.1026964
2.93,6.1727166
5.96,6.0764503
6.14,8.37756
2.32,3.3988688
3.55,4.398326
8.57,8.91919
5.1,6.4927435
6.09,6.1923466
7.66,7.788268
11.05,10.765742
6.15,9.213869
3.29,5.087873
6.09,5.2067437
8.62,7.4402843
4.25,8.674477
4.68,4.439346
7.81,7.847491
4.92,5.7656207
4.24,3.929389
7.0,6.514827
5.4,7.1060276
6.69,8.399659
3.8,4.1544595
4.7,5.9175773
5.29,5.430989
7.8,6.9401975
8.05,8.346259
7.21,6.334716
6.85,6.809386
3.2,3.7023432
8.89,8.217244
6.44,4.292151
11.52,8.4355135
4.58,4.9744205
9.14,7.832524
4.62,4.462718
9.41,6.0130014
6.73,6.483691
5.4,6.465983
6.63,4.926437
4.68,4.0567713
4.41,4.3370895
6.0,5.4967456
4.25,5.9952106
4.17,3.7530878
9.24,7.8363104
6.28,5.8285575
8.1,7.821261
4.0,4.1432986
6.01,6.1888094
3.52,3.6966348
4.34,4.476245
7.96,6.634098
8.66,4.9433665
7.42,7.423715
6.8,6.5844145
8.31,8.431169
7.24,5.50162
6.68,7.530373
4.89,3.8732421
4.55,5.850994
3.77,3.7308183
9.1,8.947479
7.7,8.886222
5.89,5.415724
7.22,6.968733
5.46,4.022419
4.48,3.93362
6.08,5.9150176
5.74,4.7187715
6.4,7.6027308
6.46,7.6891212
4.18,5.4890604
7.49,6.0937266
5.24,5.7421794
6.44,6.8924956
4.0,5.611135
5.34,4.8175573
8.64,6.509339
6.36,7.20776
5.28,5.5497127
6.81,5.8569756
4.65,3.6970649
4.68,5.4724283
7.32,6.811882
5.17,4.9306564
11.7,10.084718
6.35,3.8672884
3.91,4.831685
3.72,4.2365127
6.66,6.801998
5.52,7.386308
9.88,10.841849
7.18,6.532688
6.43,6.1763315
3.32,6.004983
6.42,7.9773235
6.46,6.196556
4.33,4.642237
5.72,3.9221761
4.66,7.21036
5.7,3.5706072
5.88,7.0603766
5.17,5.5326896
5.46,6.0486016
2.16,6.350481
3.86,3.4679887
4.55,4.330207
9.4,9.464375
4.42,5.0132437
6.22,5.7459383
3.77,4.6155186
7.01,6.598913
6.39,5.855401
6.74,7.2901473
5.12,5.163889
6.8,9.536083
6.74,7.0990725
5.21,4.855549
3.73,5.0015497
4.8,6.10033
5.05,6.78568
7.29,8.008603
7.54,6.949396
7.0,7.228319
5.44,6.668361
10.52,10.625737
5.46,5.5008802
10.4,10.293015
7.1,5.2006025
4.99,3.8563845
3.85,4.231907
3.32,4.5954957
4.54,6.331943
7.65,7.4757524
3.49,2.9979038
7.37,9.404205
6.41,4.469261
7.27,7.3352633
3.46,5.7322564
8.15,10.821773
4.51,4.612411
5.17,4.771165
4.96,5.533466
4.35,5.2832193
6.0,6.526705
7.85,8.382074
7.72,7.6174846
6.89,6.2547092
8.02,6.402923
10.64,8.842684
5.96,6.9192505
7.12,6.437722
6.84,7.5130773
4.66,5.453192
4.2,4.637118
4.3,4.4602036
9.7,7.0802474
6.82,7.0780416
4.29,4.3133607
4.34,6.761062
9.4,8.935672
8.49,8.666667
5.7,4.3470516
7.15,6.112777
5.08,6.4739256
6.33,5.789109
4.62,5.0462365
5.64,4.382114
3.05,3.5548809
7.19,8.725961
6.8,6.7276497
7.62,6.2743225
9.04,8.44461
6.52,6.4819636
8.0,3.9146168
6.25,6.25432
6.96,8.244186
5.3,5.8399243
3.57,5.40346
3.84,4.300593
8.96,7.036929
6.0,7.915479
5.8,6.666251
6.3,6.4706125
3.8,3.8515615
3.4,4.4101615
7.12,6.729967
5.3,5.7109804
4.09,5.160389
5.85,6.86602
6.42,6.53179
2.72,4.625989
3.31,5.299132
5.92,8.351966
5.35,5.3240867
6.52,6.0458674
8.0,7.535044
10.1,10.119266
6.0,3.0944002
4.35,7.0308886
6.41,6.05014
5.4,5.4394546
7.44,7.9669333
8.41,7.829518
6.34,8.059456
8.0,7.232423
4.82,6.070315
7.46,5.054499
7.46,4.575715
4.52,3.3581054
3.93,6.3886037
4.62,6.285418
4.89,6.2701793
2.77,3.6420152
6.55,6.9530683
4.1,5.4346976
7.45,5.378738
6.89,6.602756
5.4,6.2152586
8.18,9.3026
7.85,8.636948
8.15,6.6866646
8.49,6.691631
8.7,6.8974915
8.0,6.5902896
7.08,5.4473825
7.17,6.4810452
9.0,7.9364753
7.32,7.7268515
6.72,5.8596025
10.1,10.010798
7.82,10.692079
8.47,8.981848
4.48,6.2580566
8.48,8.101646
8.96,8.692199
7.46,6.534995
5.74,5.626816
7.24,6.7482176
8.3,7.3036675
6.57,6.6614084
5.44,8.257337
5.8,6.314281
7.48,8.489682
7.28,10.061789
10.21,8.336459
6.0,6.7947416
2.0,3.1079767
4.31,6.9226084
8.35,7.625216
3.22,4.241577
3.77,3.7448497
3.94,5.684734
3.0,5.569089
4.6,4.5712805
7.74,8.363845
5.85,5.022118
6.72,4.479992
3.9,4.235149
7.34,7.5582128
8.1,7.6775093
8.22,8.57523
6.08,4.553155
5.95,5.079142
3.32,6.011813
6.48,6.4991713
4.6,5.4731345
7.12,6.325991
8.57,8.297817
3.76,5.12965
7.82,8.191963
5.96,6.3723936
6.29,7.5520406
5.54,5.899799
3.14,4.452492
4.68,7.2240343
8.22,5.837736
6.37,5.8536987
6.82,4.6189504
6.56,6.8171754
9.64,10.533437
4.0,2.4474256
4.51,5.098945
5.33,5.0889816
3.43,5.165087
2.55,4.0549974
8.85,9.166026
8.0,6.6788316
7.96,7.614672
4.96,4.420536
7.89,4.8789763
6.35,6.3549056
6.54,7.557819
8.66,8.294311
4.11,3.792385
7.92,7.593909
8.36,7.4201546
10.59,10.394029
4.39,4.715753
7.12,5.4222827
2.3,3.7069058
4.79,4.3927298
8.55,7.3077807
7.7,9.587411
7.37,6.130812
7.23,4.7636867
9.08,7.945074
8.82,6.758468
9.07,6.996055
6.59,6.9121075
8.3,6.679138
7.05,5.940148
8.96,5.4163146
8.51,9.069052
7.7,5.546802
5.52,5.162895
7.96,7.9897404
11.07,9.357969
6.89,7.408727
8.22,7.091894
5.73,4.995275
7.49,6.7572713
6.65,7.2598815
5.22,7.1301975
8.34,6.90243
9.05,9.236264
2.55,3.0135534
6.07,8.455353
5.74,6.3094373
5.3,4.796833
10.17,8.433972
11.54,10.419557
5.37,3.480858
8.4,5.7364736
7.4,4.717605
8.74,8.627591
8.17,7.9253874
5.13,6.0377107
8.6,7.8537703
6.06,4.762565
3.88,4.2601123
6.02,8.249873
8.4,8.663289
5.87,6.634102
5.66,4.4771457
5.04,4.4386086
7.77,7.2948117
4.62,5.429204
4.3,4.7140646
5.54,5.6137047
9.34,8.626231
8.01,7.5943165
3.38,3.9976966
6.32,6.546063
7.04,6.9977765
5.71,6.023974
6.02,5.14073
5.92,7.4697256
8.89,7.2510056
3.33,4.050786
4.15,3.4154332
2.22,5.482145
6.2,4.7538786
4.81,5.860705
3.55,3.193138
8.4,7.8497996
7.63,7.723798
3.49,3.8544343
7.1,6.9415493
3.33,4.3911242
7.13,7.0457253
5.85,6.5114875
6.01,7.0543475
9.46,7.732311
8.05,6.148532
4.09,5.4790215
8.7,8.811919
8.4,7.4976482
4.59,5.590358
7.32,7.0336757
6.21,6.800457
9.15,7.85361
8.27,8.927948
7.92,7.2649493
5.0,5.998801
11.52,10.167679
10.55,9.749046
5.44,4.5673127
2.82,4.808867
9.05,9.183489
6.48,7.9902945
9.82,8.853739
8.16,8.216083
4.3,4.135678
5.2,6.891486
5.38,7.1604424
10.44,9.581829
7.57,6.2073164
7.09,7.9144983
5.06,4.664812
7.24,6.4209137
10.8,9.433503
6.54,7.498677
7.54,6.753371
8.22,8.267697
4.29,5.095443
3.57,4.1653223
4.82,4.3507185
2.34,4.728562
7.27,7.424902
5.77,2.5311093
6.44,7.091298
11.68,8.163705
8.62,6.0412846
11.0,9.8955345
7.95,7.7223926
8.0,6.986434
7.78,6.745345
4.31,5.12616
4.12,6.1335626
5.92,4.167526
8.22,8.988159
3.03,4.143516
2.92,5.416526
8.09,9.966323
4.7,5.961819
6.22,5.969166
8.04,7.9839654
7.28,7.4729424
6.11,6.5042005
5.75,6.521495
6.6,6.8735504
3.3,3.9555757
3.22,5.331561
3.3,3.0818655
8.3,8.139655
8.0,6.8308287
7.07,8.038351
6.02,6.0111804
4.4,5.666139
5.4,4.8238583
8.64,8.615619
6.17,8.090814
7.8,8.24681
6.48,5.2405014
8.17,7.4677596
5.68,2.9297423
4.65,4.2984886
7.41,6.2219906
3.0,4.9456043
5.8,6.0780716
4.32,4.3908324
2.16,3.3644838
3.72,5.468364
8.42,6.537402
2.46,3.3729591
6.77,6.8755736
7.14,6.951923
7.36,6.4331527
5.0,7.957357
4.71,4.7611594
8.35,10.503397
6.34,4.4169683
8.17,8.241696
6.47,6.176095
4.3,3.4267569
7.19,5.6190233
6.77,6.6967554
10.24,8.686983
11.82,9.16694
3.85,3.9282615
8.32,7.5489264
5.91,6.425332
2.15,4.054092
2.92,3.993784
5.63,6.230001
5.24,5.198722
5.24,5.1983933
4.03,5.3128552
7.14,6.5399823
7.64,7.8335767
8.66,8.231716
7.64,7.8584943
5.04,5.2912016
7.46,7.537756
3.04,2.8619337
8.89,7.14516
3.17,4.051294
5.77,4.7401166
3.86,4.4426594
4.73,8.554315
6.08,5.785145
8.7,6.8776236
7.26,5.1169257
7.03,6.432337
7.28,6.8727365
7.52,7.3241134
6.6,6.559513
7.28,7.042933
8.7,6.908218
8.72,5.69645
6.35,4.5993214
4.77,5.259245
7.77,6.372353
8.57,8.708381
6.8,6.685278
7.77,7.797037
6.0,6.5278597
8.22,5.7554946
5.11,5.2319584
4.22,5.7361703
8.3,6.7436023
7.21,5.3289657
4.71,6.220354
8.48,8.456552
4.28,5.0231066
4.91,4.418299
5.4,7.336141
9.14,7.63201
3.86,3.929255
5.87,6.9110723
9.0,8.692242
5.85,5.861565
3.61,4.5787377
3.47,4.716084
4.07,4.0429873
5.7,7.013105
5.52,6.0147085
7.99,8.435378
7.78,8.1294155
5.79,6.2112665
7.72,8.282577
6.7,6.2082796
6.16,5.2261415
6.28,6.9605007
3.86,4.9698224
5.85,6.320995
4.77,3.4983492
4.57,8.294462
4.5,7.9805293
8.7,4.9782543
9.7,9.063508
4.49,5.5517197
8.97,8.184392
8.28,8.586639
6.19,4.9770446
5.16,4.378425
4.61,6.70505
6.41,5.6792574
7.11,8.240102
6.82,6.652402
6.57,5.8039207
6.31,8.286459
6.66,4.6912084
7.69,7.799834
7.29,8.040533
6.72,6.8220363
6.96,6.050194
6.97,6.342401
4.34,4.2212343
8.39,8.605442
10.55,10.717585
5.82,5.0289893
5.66,6.5867596
3.66,5.2152247
8.47,6.2714033
5.05,3.2723722
5.14,6.0931993
9.93,9.594472
9.84,10.834836
8.14,9.219843
8.72,10.937915
7.48,5.4366884
3.59,5.773172
9.2,7.957916
8.89,8.573625
6.22,6.2348228
6.05,6.240165
6.62,10.3241
5.92,6.5395184
5.67,5.937881
6.4,4.255296
7.14,7.3924603
2.92,5.3534083
5.95,6.1114826
5.32,5.8526335
3.8,3.4023101
9.46,8.628928
6.04,6.4679303
7.7,7.0735087
6.78,6.7969823
8.24,7.903415
6.06,6.2873573
5.87,6.9885755
8.61,6.848944
5.44,6.056698
8.1,7.669885
7.1,6.916226
8.26,8.964078
9.3,8.105094
9.35,8.440047
7.11,5.0204034
7.17,7.3469434
4.04,5.2476425
4.07,6.908567
6.51,6.851353
7.96,5.8874745
6.13,6.311045
4.32,4.419169
4.7,3.738797
4.88,4.442771
8.04,7.755479
5.3,6.191811
8.28,8.509088
5.09,6.43836
7.19,7.4609623
7.15,6.6710277
7.8,6.8946853
10.52,9.169233
4.44,5.0994844
8.29,7.324687
5.35,5.304356
3.62,4.1480365
6.96,4.802463
3.47,4.8873086
4.3,6.4672174
4.6,6.0329595
4.04,4.749057
4.64,4.379655
7.15,6.9284954
6.32,7.195678
6.79,6.147247
7.32,5.526813
6.07,6.8816814
2.23,3.289508
7.91,7.5660834
4.3,3.5692797
9.0,8.632407
3.13,3.4542646
7.05,7.0746365
9.89,9.850526
9.08,9.960965
8.42,10.011838
2.89,6.327361
6.3,7.572311
3.6,3.9848166
7.26,5.1296525
8.0,4.65456
9.0,8.713433
3.15,4.285955
8.22,6.494646
7.15,5.591121
9.22,7.2742205
8.4,7.5627375
7.89,8.268616
5.47,5.3096185
6.85,6.8769116
10.0,6.0217223
4.51,4.886868
5.68,6.5403485
7.7,6.096004
3.64,3.7232492
6.37,6.390447
8.7,8.57253
5.79,6.2851844
6.55,4.868901
11.26,9.695424
9.51,8.239375
4.49,3.6523507
5.22,6.8048444
5.15,5.1326056
5.7,5.362143
6.17,7.58765
7.48,7.6078744
6.52,6.4409313
3.91,4.2219906
10.39,10.275905
8.92,8.667908
6.1,5.249317
6.85,6.3044477
7.55,8.3651495
7.85,5.4710255
5.04,5.406109
5.7,3.7286801
8.52,8.047761
5.66,5.2266297
3.8,5.347788
10.05,5.653953
7.82,8.219847
5.21,6.558759
6.54,6.2528954
5.74,7.5914598
4.96,7.7997336
5.96,6.6716094
5.76,6.066893
4.6,5.3437543
5.49,6.719295
5.4,6.6305885
8.57,9.030066
4.15,4.4079432
7.74,7.0306454
7.38,6.876848
8.0,5.4809647
5.92,7.5230174
5.05,5.7727923
8.0,7.300609
6.48,3.7779462
3.04,3.8737018
9.27,8.898364
5.37,8.289733
3.01,3.5691466
5.97,6.21781
6.28,4.490872
7.8,6.632452
6.04,6.238479
5.64,5.68294
6.55,8.202328
5.11,5.363108
7.02,7.3659754
4.34,3.819538
8.4,9.690824
3.72,5.4837966
6.28,6.320927
9.32,10.08283
6.89,5.938751
5.62,5.204228
8.52,7.767373
2.8,3.3148494
7.82,7.408864
4.7,5.0529575
7.96,6.9443116
4.74,4.4450307
8.26,6.6018414
6.1,6.8797073
4.62,5.548184
7.07,7.2008862
7.59,8.314143
5.01,5.3345513
8.89,7.9266586
8.49,6.920589
11.34,9.8769045
6.27,9.025726
6.69,5.495837
8.15,6.7243714
8.7,7.312329
7.55,8.007938
5.54,5.9716973
7.44,5.9751225
6.12,5.3169427
8.25,6.5357485
7.2,7.8482738
6.59,4.7403693
7.41,7.5094275
8.68,8.486068
5.4,6.189852
10.44,8.9461155
10.57,8.428204
5.08,6.430181
8.3,6.0893145
4.69,5.99163
8.09,8.995515
8.48,8.260349
6.92,8.614447
2.7,4.393616
7.1,4.1762457
8.7,6.9001904
4.94,3.6267638
4.89,6.3061385
5.42,7.563524
6.3,6.030112
7.02,7.367265
2.12,3.3187819
6.37,4.862208
3.9,4.360891
4.29,4.8580413
9.0,8.375075
9.84,11.688441
6.51,7.588509
6.82,6.78514
8.34,8.3120775
7.66,6.1943417
4.82,5.0210767
7.6,7.426954
7.05,6.1411834
3.92,4.7217045
5.02,5.933867
6.08,8.528828
6.92,7.471103
6.52,6.1065125
5.54,4.616315
6.07,6.3520484
7.87,7.543881
4.9,5.2010674
4.19,4.4548097
9.74,10.190566
6.32,6.307384
7.1,6.305982
8.9,8.031226
7.96,9.337146
6.84,7.9060807
8.63,7.7320466
4.85,2.9811969
6.64,5.4493575
4.01,4.3407745
10.8,9.081188
5.74,4.686915
10.0,9.335557
5.34,5.7927556
7.24,5.949354
6.6,4.5400443
2.28,3.8210337
5.62,4.9591165
6.08,6.3312573
5.58,5.6424813
3.4,4.400887
5.77,5.1860766
9.85,9.509473
8.54,7.322778
4.22,4.1243787
6.22,7.0588236
4.06,4.764411
7.37,6.3052535
7.68,5.5947537
7.82,6.856999
8.48,7.4272075
7.15,4.796101
5.34,5.677082
8.82,8.6090975
6.49,5.92001
10.7,10.757907
7.24,6.0474887
7.57,5.90817
7.47,8.330679
7.24,6.608565
5.24,4.0331497
2.0,2.5015852
6.7,6.874345
6.7,3.3465705
9.54,5.3370214
5.22,3.9438515
3.35,3.0181108
6.12,4.9531302
8.38,9.268152
4.13,4.715208
4.65,5.764789
4.26,5.5529866
9.92,6.1935515
9.28,9.290036
8.14,7.6977477
8.96,8.485307
6.21,5.9464574
4.16,4.389623
6.54,5.8736863
11.11,8.54293
8.4,7.227408
9.13,6.0960383
4.15,4.9540567
4.55,4.933294
8.6,7.5949664
8.0,8.104276
3.66,2.7341146
7.0,7.560802
8.09,7.074117
9.0,8.745909
6.0,4.6906037
6.36,6.6550765
6.29,6.403135
4.11,5.007726
8.55,8.470133
7.04,7.3728075
8.22,8.266562
7.13,7.286673
7.4,4.913593
7.44,8.225463
7.0,7.6249194
8.96,5.813133
10.7,5.219152
3.68,3.55695
6.54,4.974571
7.21,8.211047
4.43,6.7946506
9.64,6.020809
8.91,8.658618
8.61,8.657615
8.37,8.411019
6.0,5.5890365
6.91,7.1105533
4.95,7.470409
6.4,5.790822
5.39,5.8617835
7.46,8.696946
7.7,8.336279
5.91,6.045631
5.21,5.4841046
2.46,2.8081794
7.68,9.791366
4.48,6.616752
4.97,4.4141836
7.72,7.5090027
6.62,6.5374846
5.19,6.4226036
10.16,10.851037
5.7,6.2390504
5.42,4.8562655
6.17,3.9725814
5.98,6.933927
3.15,3.8384662
7.89,4.8122354
7.36,5.6247563
9.0,8.04085
8.49,10.271575
7.89,5.4417377
4.74,4.845472
4.97,6.929932
6.55,7.5021625
3.64,3.635417
5.62,4.4894624
5.86,5.3550572
4.96,5.325828
8.32,3.5690575
6.7,7.542415
8.23,5.3691764
2.49,3.3548298
3.42,3.7380838
3.0,3.0457406
8.15,7.417495
6.22,7.5455084
7.34,5.76113
8.0,7.071767
3.3,2.9889352
6.34,6.990871
6.04,5.545591
5.54,5.2303367
7.17,8.317021
2.59,6.3978143
7.7,6.5065475
4.3,3.7001297
4.22,4.0913205
4.61,5.5329375
10.78,10.5289755
5.31,3.5534272
4.13,4.1132045
4.6,3.0290728
4.89,6.074138
8.13,7.293112
6.3,4.5555515
7.46,7.3339067
3.59,3.0604372
2.64,3.0397744
2.64,5.450204
7.51,6.1494093
9.3,7.781441
7.8,7.9909797
5.54,5.9097443
7.64,6.8878827
7.85,7.723959
5.94,4.7069077
6.94,7.5510793
4.87,5.5603857
2.81,3.6360862
10.33,7.042685
5.97,4.684408
6.04,6.215106
6.11,6.240949
3.46,3.6813576
5.32,4.9914293
6.66,5.695129
6.54,6.619369
9.55,10.034135
9.0,8.647049
8.03,8.329528
7.63,8.013956
8.52,7.340259
6.4,6.7840962
8.43,8.245625
4.13,4.4712567
10.74,8.84031
4.57,3.3482606
5.88,4.4360604
4.12,4.103495
4.43,5.654328
5.72,5.6407185
7.11,4.9920382
6.9,4.8879204
4.15,4.9249644
8.55,8.609383
3.03,3.9977136
4.68,4.1440763
5.48,4.7788997
4.25,7.5371504
5.74,6.842077
6.84,5.2551303
9.59,6.200662
3.51,3.338369
6.49,6.0359783
5.04,5.0884843
7.0,6.278032
4.11,4.575682
7.34,7.7845197
11.46,9.722275
9.7,8.367738
8.64,4.6052823
7.0,7.0822625
8.96,7.6326056
3.48,3.2302766
10.48,8.912721
6.32,7.855703
3.88,4.293278
8.0,6.2109966
8.43,7.759764
6.82,6.10179
7.85,7.8203273
6.0,6.072864
7.07,6.488189
5.52,5.506492
7.37,8.186914
2.97,3.513352
3.15,5.4661865
4.43,4.674847
4.0,5.0419374
4.43,5.1517625
11.2,9.056954
4.89,4.2296324
7.07,8.198789
6.4,7.0243497
5.05,6.0426955
5.0,4.133059
5.92,5.6895704
7.89,7.881032
7.77,6.471421
4.79,4.2029886
9.52,7.7951093
10.22,6.874387
11.13,7.3311124
3.39,6.8135815
8.87,7.473632
7.61,4.7918277
8.54,9.054278
5.4,4.3198857
4.63,4.2495427
7.8,7.220975
6.74,7.0704417
3.1,2.984389
8.28,7.585668
6.51,8.342628
5.44,3.3031416
5.21,4.7301917
4.58,3.968526
6.33,6.384326
5.34,5.0963054
7.17,6.361979
6.14,6.220083
4.09,5.584626
6.35,6.166209
6.59,8.3354845
6.87,5.5262303
7.03,7.8209424
9.17,8.0571
5.0,7.1754546
6.23,5.9112563
5.94,6.2111545
4.86,4.0911703
5.0,4.091366
3.98,3.344903
4.5,7.0651493
6.72,6.413318
5.28,4.8755465
6.68,5.4611864
5.69,4.5080247
5.84,4.6621633
3.68,5.7625737
9.52,8.703891
7.82,8.411167
6.65,5.696523
5.85,5.228253
4.07,4.804019
10.89,9.883136
9.03,9.636371
5.46,7.944546
7.66,6.009958
6.57,6.8330913
7.42,6.2168074
5.77,7.225864
6.88,7.562045
5.35,4.567136
7.14,6.7438483
6.38,8.593428
8.06,7.7802243
5.13,5.711062
4.31,4.640083
4.77,4.771818
6.72,5.770186
9.77,8.213121
7.41,7.157355
7.76,8.217352
7.79,8.417256
3.87,3.9969597
4.96,7.1470046
6.15,5.8723693
8.05,6.3303223
5.62,5.480285
9.3,8.556478
6.7,6.184265
5.79,5.6607876
3.43,4.2982016
7.26,6.1299496
6.1,4.0590634
3.7,3.0992463
6.51,5.535154
7.44,9.27688
8.74,9.441155
5.38,5.304895
7.32,5.0057425
7.02,7.346942
4.6,4.1673975
4.66,3.8346162
5.66,4.564853
6.46,5.7667565
4.82,4.8281593
7.04,6.152907
4.0,5.0748787
6.5,6.670711
10.29,9.864468
4.85,4.7503443
6.66,5.980294
5.7,6.762573
4.09,4.3100066
6.52,3.869959
6.96,7.148577
5.23,7.0353823
8.0,6.6111445
5.54,4.991932
9.31,9.269149
9.8,8.426833
9.7,8.237801
4.74,3.2700617
10.3,10.6706
8.25,6.4029827
3.68,5.233793
6.35,5.7093663
6.87,5.101851
7.44,6.71606
7.85,8.045939
7.39,9.612284
5.89,5.5143037
4.0,4.574313
3.22,4.3250823
6.36,6.3824716
6.05,4.94573
7.61,7.0475273
5.38,5.2871084
6.06,5.408306
5.7,7.427375
8.0,6.3407145
6.37,5.7630644
4.49,4.8794594
8.55,7.959739
9.92,9.14727
4.07,5.2791
6.4,5.7959857
7.74,6.524782
3.22,7.141447
7.28,5.8533273
3.4,3.4328785
5.4,5.0996313
8.74,6.387627
7.26,9.324584
6.98,6.6673346
10.52,8.027759
6.17,7.228817
4.41,5.0716653
6.8,7.070101
2.39,4.68541
5.19,5.7407565
11.05,10.699301
6.85,7.503187
9.51,9.743875
6.57,4.623163
7.46,4.5586576
7.22,4.107895
8.64,7.3635716
4.96,5.662413
7.7,5.8681455
3.49,2.6471484
4.96,4.626407
3.55,4.90784
4.17,4.0424585
4.71,5.1546216
4.01,5.2628927
7.8,6.421048
6.32,6.1662703
8.4,8.202089
6.09,5.7336493
8.27,5.561453
6.66,6.485338
6.96,6.086153
4.85,5.306611
8.52,8.416329
5.92,5.0581055
7.62,7.8102636
6.4,4.5323243
9.18,8.338002
5.34,8.950839
7.15,7.1511784
6.15,8.823185
6.2,7.8602624
4.44,5.3549867
5.92,5.991259
5.66,5.1401243
4.77,5.3109074
6.14,5.658453
6.03,5.5497613
8.62,8.611932
7.66,8.553323
8.15,6.108112
6.7,6.5667963
4.11,3.6244724
7.44,5.5140095
6.68,6.040252
6.57,6.7721696
5.35,3.554934
5.22,2.5452802
5.67,7.747272
3.03,2.9226294
11.35,10.286758
6.16,6.3333325
5.4,5.4150996
5.55,4.2900815
6.65,6.3692
7.77,7.041458
8.65,7.9885015
5.0,8.5204115
6.44,9.124159
6.59,6.2942705
8.15,7.720519
5.3,5.4047422
4.85,5.1086597
8.48,8.609774
7.44,6.4396377
3.0,4.007732
2.72,3.8828022
5.68,4.3359604
4.15,4.5231752
9.7,8.103807
7.14,6.9850807
6.0,6.2093515
2.96,2.8109734
4.96,5.2095633
6.0,5.416965
4.6,5.665793
3.9,5.457925
4.95,6.323735
9.27,6.3493357
5.07,5.205813
8.7,8.612742
8.4,8.899138
7.21,8.040039
6.66,3.4191983
6.54,6.640585
4.54,5.4451337
2.23,4.648172
6.72,4.343042
4.55,4.7076535
7.0,5.315029
6.1,5.872508
3.96,3.52212
6.9,3.894333
8.4,9.485239
9.15,7.262953
5.51,7.058218
2.81,4.339783
8.57,7.668539
2.38,4.3869653
5.06,7.5904255
7.64,6.937344
7.7,6.646635
2.96,5.1208434
11.22,10.397254
4.1,4.69661
6.72,6.4148417
3.48,5.832056
6.29,7.5057325
9.05,6.2943482
6.17,6.449933
8.0,7.3454113
5.52,4.2255855
2.23,3.4904594
6.75,6.7956367
5.0,5.628898
7.2,7.8652673
4.82,4.8638234
4.49,4.3578734
6.0,5.8970895
6.72,7.1555567
4.61,4.5313644
7.6,7.973793
9.04,8.030273
3.52,3.3586166
7.0,8.341817
7.51,8.061853
7.02,8.477513
7.14,6.377918
3.37,4.030772
7.74,7.7654004
5.62,6.0116887
6.0,5.1680956
9.82,8.896047
9.39,8.682377
9.8,8.24784
10.82,9.997029
6.62,7.9236345
5.15,5.3181405
9.74,10.252781
7.7,4.5772104
5.3,4.733803
4.48,4.9196773
7.6,5.2737885
6.58,4.033838
6.46,6.238373
4.55,4.4209495
6.66,6.021053
5.33,5.9277954
6.31,6.8501205
4.52,5.4884644
6.35,5.651231
7.35,5.976712
9.22,8.751555
8.62,8.295097
6.49,7.12978
7.05,6.3484993
3.61,7.4080343
7.56,6.948737
4.15,4.800586
7.85,7.01364
4.7,5.476244
7.46,6.1314726
8.6,9.277649
6.7,6.6020374
6.47,6.3660955
7.7,9.016909
4.62,5.139482
5.54,8.08279
5.3,5.750141
5.57,5.2274113
7.4,8.4062605
9.28,8.8270645
4.67,5.5973005
6.66,5.9315147
9.26,9.162054
8.0,6.9274263
5.2,5.0860686
5.76,7.1740556
4.4,3.545407
3.4,3.1531782
3.8,4.1021695
7.19,8.471977
7.74,7.4929676
7.03,7.7309403
9.57,7.68332
5.86,4.825564
2.68,2.5468075
3.33,3.0474434
7.0,5.384944
7.95,7.4568396
8.62,8.03674
6.22,6.693013
7.15,5.400402
5.68,6.5127964
9.39,6.5620856
5.88,7.228876
8.11,8.24387
8.89,8.684604
7.59,5.7000403
6.75,6.597506
7.62,8.44418
6.31,5.4108133
11.74,11.406543
6.52,5.8402953
7.52,6.376086
4.43,3.3095722
8.74,8.25748
7.08,7.3142276
7.52,8.18538
2.52,3.303869
8.2,8.438327
5.24,7.139085
2.64,3.4364376
4.43,4.2785244
4.82,5.8275056
3.68,5.446849
5.32,5.5682216
7.16,7.70845
5.48,7.3285303
4.43,4.538296
6.85,6.279198
7.96,4.642758
6.95,7.4409027
7.78,7.927631
8.82,6.5979195
7.14,7.0954366
2.77,4.6290245
5.7,7.301753
6.54,6.7347403
6.29,5.5064993
5.82,5.3181067
5.04,4.7763395
6.77,7.048635
7.44,8.302724
10.2,9.722799
6.87,6.643502
6.47,5.783732
5.67,5.9847364
7.55,7.155947
7.96,8.921704
8.4,9.232238
7.43,7.5249376
7.38,7.1914635
5.26,4.5842166
6.73,7.227799
5.79,6.888682
6.18,8.348039
4.32,4.0711
2.15,3.641611
7.8,4.2818294
7.07,7.7661786
4.43,4.3709693
3.38,3.7569642
7.3,8.222575
6.73,7.851713
7.85,6.670319
8.05,6.6621385
6.54,6.009541
6.96,9.908321
5.82,4.390728
5.05,4.827226
7.89,7.8597674
11.26,10.251091
5.74,6.062412
4.94,3.0130002
3.0,5.7085547
2.42,3.18824
3.72,4.29781
8.96,8.252592
3.23,5.2051487
4.99,5.313498
6.23,6.7903576
9.72,10.704751
6.6,8.473704
7.07,6.663046
6.94,7.683932
10.57,8.748756
7.82,7.999232
8.7,8.935672
8.24,8.138817
8.11,8.591484
6.51,6.8340306
5.24,6.0118823
7.06,5.8467903
4.68,5.080233
3.13,5.249466
6.96,5.6153917
8.05,9.434175
6.37,7.505361
4.84,6.4046197
6.46,6.6589923
8.7,7.5111117
6.46,5.5885577
3.0,5.459735
5.0,5.162003
4.82,4.8884206
3.12,4.2511916
6.85,4.7222776
7.92,6.864352
7.73,7.42168
6.09,6.6841373
5.28,3.7513728
5.66,5.920435
5.55,4.4611926
10.32,9.053415
7.73,7.3200827
7.6,4.6434703
7.07,4.651209
7.82,7.0962768
6.41,6.93232
4.16,4.2745967
4.66,5.769901
6.74,7.1872387
9.32,7.693645
4.63,4.248428
8.82,5.8610964
6.59,6.4552455
5.34,5.5301013
7.38,7.861306
5.04,4.5976133
5.38,3.7776058
7.77,6.1802835
4.27,3.574374
4.29,3.2854753
4.77,6.841167
4.77,6.2946706
5.46,4.9291754
6.33,9.264164
5.08,5.7322183
8.92,8.25459
8.59,5.760259
7.77,7.799871
10.7,8.469109
6.87,7.096633
6.77,6.313619
5.77,5.344641
6.38,6.0593157
3.66,5.2635226
4.85,4.962826
5.68,7.184173
7.47,6.8369412
5.39,4.7811923
6.61,8.343871
7.55,5.987691
8.4,5.7419286
4.74,6.6403847
8.47,8.736088
6.55,6.9007597
7.62,7.2812076
4.21,3.7838953
6.01,6.4442825
3.8,5.2738996
9.2,8.70973
4.4,5.5713034
5.55,6.8649526
5.62,6.7023897
7.03,6.921444
7.68,6.531632
3.48,4.1448975
6.92,5.4593663
4.95,4.23711
6.88,6.0137177
5.87,5.855637
6.78,7.4782877
4.39,5.3455644
8.0,6.967183
7.05,5.616926
8.29,9.084812
7.68,6.959114
7.84,7.5102897
5.47,5.626447
7.19,6.3440356
6.92,6.087373
8.52,6.5866303
6.39,6.5422
4.12,4.8896694
5.8,3.668126
3.49,3.9208891
8.22,3.7408237
10.51,8.803121
5.89,5.172245
4.92,6.242745
3.66,6.8619237
4.25,6.010192
5.46,7.2830095
4.61,5.1538696
5.89,4.763463
6.15,6.4311004
5.37,6.94917
6.56,6.2881355
6.75,5.8586593
2.64,4.9400244
8.22,8.33052
7.62,6.847411
6.43,5.523629
3.14,4.3317246
8.34,8.383202
5.39,5.395018
6.71,7.3655925
7.57,7.4855695
7.6,7.017928
7.38,7.621914
10.82,7.988976
7.59,7.2148733
5.7,7.113768
4.27,5.4432497
7.0,7.6978145
6.6,7.007493
7.01,6.656233
7.31,6.6736417
5.64,5.0747085
3.95,5.1667337
5.66,5.6763105
7.22,7.151155
5.9,5.0489283
5.8,3.7479773
5.61,5.5007105
9.68,9.817517
3.05,3.2443194
6.8,5.2661777
5.4,5.2789536
8.51,8.456644
3.59,5.744311
4.81,6.147994
3.7,4.715842
4.92,5.5062456
6.0,6.607478
7.77,8.189857
4.66,4.482568
5.49,6.1453886
6.44,5.5336637
6.23,5.814063
5.44,2.8611846
5.07,6.5870576
5.92,5.909599
3.96,4.836032
4.92,4.821551
6.7,7.2223773
4.71,6.596921
9.15,7.5935235
