exp,XGB
6.17,4.4126167
5.36,6.483053
4.82,7.0558944
2.63,3.796453
4.54,6.4907913
7.12,6.7166142
5.28,6.8295765
6.59,6.827746
7.38,8.525757
7.63,6.660588
10.37,7.4394584
4.68,4.184767
10.3,8.7971115
9.09,7.6997604
4.94,5.531714
8.41,6.4846044
6.01,6.5577254
8.92,9.716315
6.7,6.227854
6.7,4.7384896
5.59,5.1316195
5.4,4.032846
4.82,5.5132146
6.43,5.435555
6.82,5.6749706
9.7,7.778083
9.0,6.9861026
5.55,4.9493613
6.6,5.574555
6.4,5.235384
6.35,6.6617227
2.48,4.714548
4.19,4.650175
9.22,8.721948
9.95,10.6647005
10.3,9.387057
8.33,7.021287
7.7,8.390738
6.59,8.1609335
4.48,5.7444987
5.15,4.1688495
9.05,8.681455
8.7,7.207172
2.31,5.0356617
9.52,7.156356
7.66,7.548284
3.57,5.695969
7.17,6.4412036
5.19,5.792335
5.85,6.2363496
6.03,7.671953
6.77,5.8119407
7.7,7.0051374
6.27,5.075615
3.7,4.395969
6.66,7.2233667
5.24,6.834029
5.85,6.9287677
6.06,6.420048
5.85,6.99794
4.85,7.5951457
8.64,6.8895206
5.19,4.4057517
6.46,6.332383
8.52,6.4867654
3.99,4.177752
4.0,3.9041193
6.4,5.3639417
5.12,5.608668
6.89,5.4207683
8.01,7.1963763
8.0,6.913682
8.8,8.500184
6.3,6.0307083
4.68,6.6688046
8.77,6.3090153
5.47,8.395069
6.0,5.9827085
6.85,5.984114
7.19,7.3367305
3.22,4.8951516
6.7,5.021021
8.85,8.4375725
9.52,6.926201
8.7,6.766072
7.67,8.104904
9.52,6.918693
7.76,5.9631295
6.41,6.7211766
6.89,5.858999
8.0,6.2033405
6.43,5.779795
6.14,5.665339
5.35,5.117491
9.52,7.2099247
6.54,5.1885834
7.49,6.8559227
5.22,5.194354
5.45,7.142009
7.33,7.6321077
7.05,8.155027
5.82,6.558368
8.7,7.9902663
6.52,6.452806
9.37,7.5938373
8.11,6.8005466
5.67,6.847937
6.19,5.2464504
7.38,8.907825
6.41,7.3275867
6.37,3.3487065
2.74,5.02047
8.19,7.4093
6.15,5.869827
8.7,7.919524
7.3,5.611178
4.6,5.687851
4.6,6.1245418
8.51,8.445088
7.1,5.9592223
8.77,8.518942
6.63,7.6644955
5.66,7.099957
8.05,7.690929
6.22,6.891426
7.26,5.285438
9.15,6.8667183
8.05,6.54442
6.41,6.13009
5.7,4.8007755
6.1,6.4133625
7.34,6.975095
8.32,7.3626833
7.89,4.8256702
2.92,4.675407
8.14,7.72696
8.6,7.776702
6.05,7.274597
4.8,5.38589
8.7,5.49173
3.1,3.3298328
2.0,5.4676914
2.9,6.6720033
6.8,5.8376927
7.9,7.0077443
5.0,5.8886895
6.34,6.267338
7.93,7.497229
4.66,5.2627635
6.0,5.5164766
8.0,7.467517
9.41,8.217667
7.72,8.05609
6.96,5.9397497
4.28,4.2621737
8.1,6.9773707
2.62,4.15357
6.29,4.461019
3.71,4.710153
7.15,7.294659
6.54,5.9335446
5.64,5.8955493
9.52,6.59823
6.67,6.36284
3.71,4.614559
7.25,8.230471
6.78,7.988652
7.77,6.720275
4.28,5.8779683
4.24,5.009481
7.52,7.1464515
8.64,7.2588964
7.12,4.543455
10.35,10.321684
8.59,7.0974765
9.15,7.1700883
8.08,6.223996
2.96,3.2465925
5.82,6.530713
4.12,6.483298
5.92,6.1085095
7.32,6.2753496
7.48,6.7031956
8.22,7.563619
9.1,7.223709
7.71,6.946907
9.1,8.575626
5.62,5.858781
5.22,5.7135086
7.22,7.023048
9.82,7.9933677
7.39,7.122934
7.84,5.901486
7.24,6.312321
7.01,6.804089
7.55,7.602048
3.45,5.7776265
10.72,10.247859
6.05,4.447902
6.09,6.5208807
6.05,4.394709
2.3,3.3032122
2.82,5.0325413
4.97,4.5690837
8.77,6.5495577
6.37,6.009801
5.6,5.9327674
8.36,7.5302505
7.4,7.090239
8.19,8.604446
6.8,6.1597776
6.85,5.7380295
8.49,9.080526
8.64,6.792957
8.37,7.663763
10.23,9.312694
6.87,6.322627
7.1,7.5954223
7.31,6.0985713
5.2,3.395664
8.07,6.6476426
9.04,9.750634
4.4,5.554499
3.87,4.814624
7.35,6.630523
2.87,5.574821
7.72,6.954842
8.38,8.497213
4.62,4.1539817
4.78,4.7514777
3.66,3.9487464
3.89,6.2305245
5.99,5.592683
7.24,7.0219088
7.3,5.8704243
3.6,3.7579932
2.68,3.4265647
2.89,3.6041903
9.01,8.176476
4.6,4.755504
6.88,7.4724374
6.99,7.8905087
5.72,6.825865
3.6,4.982405
6.68,7.8144493
6.31,6.3715715
7.68,5.8597846
8.46,7.6979923
7.06,7.30717
6.29,4.888775
7.12,5.25256
10.32,10.485931
11.52,10.594929
8.27,6.914374
2.96,3.7248733
6.3,6.9085093
5.82,5.739404
2.92,3.1530483
8.6,7.9518504
4.42,5.440433
5.52,4.0343513
8.7,6.535976
6.4,6.2712893
5.05,5.463926
6.68,6.776272
9.7,7.7307057
3.66,4.3222647
7.24,7.088017
5.77,6.5124354
2.3,3.141772
8.32,7.1506343
4.46,6.326004
3.96,5.7805634
6.12,5.541122
8.7,7.334246
6.96,6.352147
9.05,7.079735
6.72,8.05084
2.98,4.7048645
4.15,4.667761
4.14,6.019209
4.33,6.3395743
4.85,6.092255
6.06,4.8657265
4.16,5.2794666
6.12,7.391228
6.11,7.704359
3.85,6.3500657
3.0,4.6994195
3.25,3.8339858
3.23,3.9382153
5.74,5.9807024
7.6,7.8485274
6.7,7.061213
8.19,9.114665
9.59,8.453008
9.44,9.509762
6.4,5.3683786
5.47,3.406079
7.39,7.254641
5.97,5.689188
8.52,7.028865
4.4,6.5198836
6.71,7.083038
3.57,4.7133374
3.77,5.5491834
6.28,4.55365
7.54,5.3346825
6.82,5.1905313
6.27,6.9466186
5.82,6.2613153
6.1,6.264347
6.29,6.8142767
8.24,7.674515
7.77,7.409434
9.22,7.0393066
4.69,6.1426334
2.48,6.1320143
11.24,9.17686
4.32,5.0163784
6.2,4.350618
5.41,4.6687946
4.0,3.969143
8.21,6.464763
8.72,8.192326
2.35,3.940167
9.76,9.322622
4.43,4.1622353
6.46,5.0804143
7.1,6.1485033
6.5,6.548197
6.38,6.887839
5.05,7.5301604
5.82,5.41738
9.68,9.799177
8.64,7.2138457
8.19,8.310831
8.19,6.064122
5.59,4.8610916
7.19,6.6720943
8.22,7.7711086
9.15,7.5956464
7.17,5.480868
7.38,7.123637
6.54,7.494972
3.2,3.6061673
6.66,5.9031577
5.82,6.481212
6.06,5.896003
6.36,6.74922
7.24,7.321253
5.7,7.229263
5.84,4.3061357
10.21,6.3942
8.8,8.00914
9.01,7.7158365
7.85,7.04094
7.66,6.8078184
9.0,6.5599656
6.21,6.390191
7.03,7.34353
4.54,3.8524637
10.18,9.197235
8.2,7.448868
4.43,5.1997066
8.43,7.439479
5.12,4.2821174
2.16,4.4596586
5.09,6.005013
2.8,4.048451
6.45,6.987304
6.05,6.673869
6.7,7.193418
7.19,6.9091196
4.71,4.554602
4.72,6.2819786
8.1,8.121689
7.28,6.955449
4.89,6.0843134
4.96,6.0855317
7.57,5.404372
9.74,8.197959
4.43,5.3475943
7.66,8.060389
7.05,6.733665
3.6,4.278878
6.24,5.0786214
3.66,5.60241
7.46,7.761224
4.21,6.8146963
7.52,6.8322487
7.59,7.7020607
6.52,6.285745
6.66,8.178107
6.72,5.917623
7.47,6.2507324
3.87,4.3539515
4.55,4.511732
6.67,7.60716
3.61,4.792893
3.63,4.5723014
4.07,5.5494685
7.0,8.07396
7.53,6.7245846
5.41,5.88763
7.37,7.841368
8.7,7.1942387
8.6,7.445638
7.12,6.4983573
6.37,6.9859962
6.49,7.7709885
4.52,6.3533306
4.02,5.3288555
8.77,7.7592874
7.24,6.5932
8.05,8.031991
6.29,6.5298967
7.38,6.4048014
5.21,6.529134
7.55,5.779772
8.19,9.596377
8.85,9.248659
6.11,6.1902385
6.47,6.4934235
8.24,7.3624234
4.49,3.3662987
8.09,7.5464616
5.82,5.284239
3.9,3.6396596
10.92,10.873446
3.13,4.2881045
6.92,7.379228
5.08,5.529626
4.82,5.9275694
8.74,6.0666037
8.12,9.686326
8.89,7.491957
6.98,7.3894377
5.93,6.6301427
7.43,6.406854
4.74,4.3122044
5.96,6.008888
10.65,8.791763
7.77,7.7532024
4.71,6.6085835
5.05,5.553368
6.0,6.246664
7.89,7.7505627
7.24,7.579228
4.33,5.7117896
6.54,5.915775
4.85,4.9511437
5.39,5.3680973
4.7,5.5642533
4.26,5.544407
8.01,7.246143
5.32,4.815768
6.44,6.787596
3.92,6.1701097
4.89,6.4956837
4.53,5.6860304
6.41,5.205195
6.4,5.0384865
5.62,6.2151523
4.89,4.9972434
5.07,4.9705386
5.39,6.890298
3.62,4.748839
11.29,7.665244
9.68,9.00966
4.57,5.6647015
7.8,6.7432537
7.7,7.85002
10.74,9.143665
4.38,5.508844
8.92,7.7455053
5.16,5.2294436
9.85,9.734614
5.01,6.1866655
3.32,3.9070144
4.44,7.155758
8.6,9.961126
5.3,4.846762
6.92,5.9929724
6.72,6.7206736
4.74,4.6577663
6.37,6.469622
6.16,6.1492605
3.33,3.86186
9.77,7.7980685
6.62,5.2144866
6.28,5.204887
3.87,6.8051157
5.46,6.411915
7.85,7.4043674
7.7,7.3424673
7.52,5.061228
4.59,7.279925
7.64,6.788372
4.1,4.1503553
4.85,4.89665
6.55,7.5371556
10.66,9.41579
6.49,5.4607143
6.54,5.5846543
11.8,6.430978
4.36,5.358446
4.92,5.9144573
4.85,4.889735
4.96,5.442544
8.52,7.9708037
5.93,6.952284
10.55,9.463646
6.11,8.019693
8.14,9.068557
4.2,5.8937674
4.8,5.124449
5.82,4.952096
9.22,8.635028
7.19,4.6390533
10.92,10.087631
10.82,8.025511
8.66,8.619315
8.41,8.411657
8.7,7.0430136
6.9,6.6909175
7.4,6.40112
6.82,6.9299593
9.0,8.245776
3.8,4.883026
5.94,6.4194427
6.22,6.297681
7.85,7.7562613
7.74,7.4330063
4.25,4.6766086
7.6,7.3330116
5.09,6.2919335
9.4,8.558909
3.46,6.4656796
10.48,9.56144
8.89,8.757648
8.89,7.7039146
7.82,7.351183
8.89,7.384403
6.09,7.074395
7.7,5.0841594
4.79,4.071323
6.96,6.9461565
8.7,7.305963
5.46,6.2395015
5.12,6.2542715
7.44,7.046266
5.39,6.011389
4.21,4.6394606
7.35,6.7134356
5.4,5.5962343
10.25,10.006615
7.7,4.572057
8.74,8.714482
5.3,5.655943
4.54,5.528056
7.55,5.9653616
3.3,4.8347077
5.85,5.200235
4.6,4.544407
2.47,4.287627
5.98,5.5902305
5.1,6.0619254
5.9,6.930153
4.3,5.1251082
6.85,5.3912387
9.0,6.3864474
5.14,6.407147
6.55,6.03678
5.89,5.259012
4.52,6.272134
5.74,5.440654
5.22,6.2211895
7.4,7.007986
7.68,6.2474465
7.57,8.119381
6.82,6.461344
7.43,7.6396894
4.24,3.5970073
5.25,6.416376
7.05,7.6731157
3.7,6.686375
8.55,7.697356
7.09,6.6222663
4.66,4.798415
4.7,5.582006
4.41,5.6263123
6.92,6.356833
6.59,6.113454
4.36,4.622698
5.49,5.0373635
4.39,4.411061
7.64,6.894615
7.3,6.9848886
11.72,10.619219
6.62,5.789864
7.82,6.6120763
4.23,5.285987
6.52,7.4418445
10.46,8.922928
9.22,9.92999
5.0,6.6690025
7.62,8.025271
10.7,9.252977
4.82,5.9534984
11.3,8.990774
5.23,6.026596
8.52,7.547175
9.07,9.084518
5.72,7.281596
7.3,8.720851
9.15,7.910113
6.0,5.905567
6.82,4.827
8.3,6.6193233
3.9,5.837907
5.3,4.8426547
9.92,5.326183
8.0,6.1306787
8.52,7.728491
4.28,4.387313
4.98,5.82899
4.43,5.2935047
4.0,5.2982626
4.52,5.049198
3.74,7.1365485
6.74,8.15519
5.77,4.7147484
8.12,7.5503845
4.08,4.675968
6.4,6.2122164
6.41,6.513836
6.25,6.2093205
6.74,6.328742
10.6,6.51555
10.49,7.8873343
4.54,5.8892484
7.7,7.312934
7.55,7.1034603
2.7,3.531732
7.85,6.0956736
7.84,7.53977
7.02,7.8579335
6.47,6.261241
7.77,9.4354105
8.7,8.193228
7.64,6.4216447
8.31,7.4910398
6.74,5.260677
4.55,4.1199293
7.37,6.907239
9.68,8.802222
7.0,6.194604
8.89,8.764094
5.66,6.9944596
7.34,5.906573
7.68,7.47735
7.4,7.2175527
3.1,4.462418
3.57,5.9080453
9.72,7.3091526
6.48,5.3902464
2.51,4.7567677
8.3,6.76807
6.48,5.369342
5.82,6.040523
4.49,6.6884284
5.49,4.183096
4.59,5.0232253
5.99,7.128183
8.7,7.75307
5.49,5.4454126
7.61,7.088805
3.42,5.8564982
3.68,7.0043845
5.22,5.8380995
7.6,6.836138
4.54,7.117567
5.11,4.378143
8.92,6.487456
7.22,5.076515
9.28,9.524319
8.46,9.217858
7.0,7.5969973
5.51,6.073599
5.7,5.5436664
6.4,5.6656027
8.18,6.5867963
9.8,8.123507
7.3,7.910979
5.26,6.6863017
5.92,6.332173
7.19,5.8936977
6.57,6.222108
8.72,8.325927
9.76,7.1321707
6.96,7.0127506
7.57,7.694549
3.72,5.843161
9.43,5.661809
2.3,5.217155
7.07,7.2314487
7.55,7.331836
7.21,6.865309
6.47,6.92014
8.0,7.255414
6.68,6.897878
9.08,7.484265
4.5,5.184359
3.04,5.893317
6.59,6.7258916
6.7,6.38404
6.3,6.2819963
6.97,7.3655386
5.08,5.1293917
8.52,5.8846292
6.19,6.9128175
4.59,5.054273
4.62,3.8221543
7.85,6.3872533
4.41,5.5521994
5.55,4.3980284
8.96,7.8528376
4.84,5.963029
5.48,5.8517914
2.19,3.500453
5.89,6.4380617
9.1,6.9503756
8.29,6.985503
3.82,6.066538
5.59,6.028576
6.74,7.42146
2.97,5.9253173
3.32,4.1582975
3.57,5.4529104
9.3,7.355468
2.1,3.7765625
4.49,5.5555205
5.85,5.8723774
5.68,6.2066846
7.23,6.8236017
6.52,6.13626
5.72,6.4123263
7.29,6.0146484
4.4,6.1055746
2.49,5.382174
8.0,6.915181
5.39,4.4591784
7.49,5.7957067
7.0,7.170163
4.09,5.2210536
3.01,4.2009945
4.51,5.354448
8.6,8.114126
7.66,6.9740276
7.05,7.856088
6.6,6.222095
4.63,5.22549
7.74,7.463908
3.97,6.635358
4.87,5.027582
8.14,7.1695504
4.7,6.679008
6.4,7.735963
5.15,4.9759393
3.3,3.9507709
6.7,6.185823
7.4,6.6694303
7.4,7.7200365
6.2,7.808125
3.48,3.8479009
7.15,6.2898555
5.48,6.8665986
7.13,6.4478736
5.92,6.925975
4.74,6.3574185
6.1,6.4939513
3.04,3.5614908
5.22,6.7164683
4.7,5.531604
5.21,6.052591
6.62,6.4677777
6.29,4.9741926
2.74,4.0326586
8.52,7.0698276
4.67,5.2966657
7.31,5.532856
7.22,7.0374103
6.3,5.7256804
5.05,4.608566
4.57,5.0306273
4.41,5.2628603
8.1,7.3715506
6.54,7.233355
6.76,7.0458283
5.7,6.029362
4.87,5.971062
5.85,5.5659537
7.43,5.1127524
7.32,8.289717
3.24,4.5358424
2.0,4.297031
2.0,4.752314
4.26,6.6135745
4.98,5.6254296
4.52,4.225224
2.06,3.8585727
2.6,4.4859505
7.6,6.583976
5.49,5.9519076
7.41,6.6981697
7.14,7.543202
9.27,8.757667
2.17,4.319318
6.21,6.2811875
4.68,5.510013
7.99,5.4782276
7.86,7.669362
8.7,6.19189
5.6,7.443452
5.95,6.2066464
7.24,6.6859217
10.71,7.57641
4.44,5.5108886
4.55,5.5848393
5.51,4.7706656
6.91,6.376803
4.24,4.73044
8.32,9.237316
5.13,6.1594086
4.44,5.247329
8.38,4.8768725
8.43,7.3707457
5.53,6.215655
6.86,6.538467
4.64,5.7411666
3.08,6.0456905
7.85,7.156179
2.76,5.7307477
4.3,5.7397285
5.3,6.1694145
6.11,5.664358
7.46,7.5561433
3.15,3.9609754
4.11,5.485703
3.67,5.5716496
3.17,4.7441287
2.72,5.473969
5.89,6.002386
5.32,6.850589
8.4,8.495757
4.05,5.3621345
6.46,7.078753
6.28,7.383938
4.8,6.777481
6.47,6.142551
8.26,7.998792
6.51,6.304212
4.1,6.1907487
9.15,8.835985
7.08,7.8407903
4.89,5.2967134
6.6,7.453817
7.7,6.065843
10.17,7.995187
4.76,4.559315
5.4,5.9802957
6.34,6.067291
9.05,5.619465
8.19,6.982884
7.07,5.8926954
8.48,7.9471745
5.03,4.5579877
8.7,7.4970407
5.51,5.6947527
6.56,4.8652287
6.26,5.34725
4.06,5.4941163
2.74,3.9618921
2.78,5.089022
3.43,4.398932
4.2,5.1619687
4.48,5.66108
8.92,8.517326
7.19,7.369689
5.96,6.546245
5.25,4.8521075
5.11,6.080705
5.07,5.3417225
7.36,6.989346
7.1,7.395337
8.15,6.8907485
6.21,7.3615694
7.85,7.2364974
7.09,6.468128
7.68,7.8279257
6.6,6.9737687
6.74,7.0582314
7.52,7.523521
5.04,5.306381
5.15,6.2561436
8.79,8.088677
7.7,7.161649
6.84,5.7861843
4.47,4.928751
6.61,5.224746
5.48,4.823888
5.51,6.4931107
8.12,9.673979
4.1,6.4883437
10.59,9.841866
6.92,7.040565
4.55,5.235524
5.8,6.188451
7.31,7.665293
3.44,6.52187
7.48,7.692225
6.26,7.581642
6.59,7.1794963
3.07,4.631588
7.51,6.325307
7.01,8.955838
6.61,6.017402
3.77,6.2396464
8.38,7.8243794
3.69,3.8341475
6.22,7.4744134
6.87,7.3852158
8.59,7.8629146
6.24,4.971326
8.55,7.308122
7.68,4.131494
6.04,5.497127
8.98,8.984247
3.29,5.412923
4.31,5.460058
4.1,5.6857753
5.04,5.0720663
4.86,4.9613314
5.76,7.202966
5.98,5.588764
4.98,6.3728724
4.69,4.985824
5.74,7.0815196
2.82,5.158667
5.16,6.0516334
3.37,5.663215
5.56,4.790005
5.81,6.000216
4.6,3.7924633
5.12,6.8360777
5.7,5.798161
7.17,7.184613
4.96,5.7564206
7.36,7.2305245
6.49,6.4371343
5.71,6.703753
7.74,7.9305334
8.31,7.2735276
5.68,6.162183
5.28,5.2512345
6.17,7.506551
3.12,4.4029694
4.7,5.253537
3.98,4.8311524
5.1,6.433792
3.19,6.814977
8.64,7.6060996
5.46,5.7570386
10.21,9.287225
10.0,8.987884
7.72,6.673098
10.72,9.113156
3.54,3.7574067
6.0,4.486047
3.72,3.4939938
4.54,5.209302
3.9,4.448074
6.21,7.081583
6.01,6.5519476
6.6,5.3059964
5.22,5.4550295
9.96,9.947748
6.96,6.690032
4.7,5.902243
4.2,4.332649
6.0,4.827736
7.72,6.436198
7.37,6.8090215
4.52,7.6209044
10.0,8.137096
6.17,6.7925067
5.96,8.159768
3.3,4.0989046
5.05,4.6784916
8.1,7.1042695
2.26,4.3976064
5.1,5.4857597
9.05,7.519745
6.0,7.05157
3.4,5.363401
5.24,5.580275
9.96,7.376978
8.1,7.176102
8.25,8.422502
8.8,8.830887
7.19,5.124765
3.72,4.648349
4.04,4.579171
5.31,6.3965554
6.55,6.465703
9.22,8.746886
9.42,7.9866247
5.03,6.411102
3.31,4.5137963
8.52,7.7339687
9.57,8.384668
7.48,8.608023
7.41,5.6916466
5.92,6.290885
8.7,7.2080107
5.77,5.60236
4.95,6.2258987
5.52,4.4407744
5.92,7.220799
7.52,7.839843
4.0,4.300835
4.27,5.3961377
7.7,9.239722
5.59,4.825359
7.74,8.333648
5.55,5.031222
6.92,6.3290787
4.49,5.686717
8.7,8.344748
6.77,6.6048045
6.03,7.274842
6.2,5.660599
9.4,7.4374866
5.92,6.3453927
3.92,5.670219
9.82,5.4142575
6.77,6.950664
11.85,8.143579
7.68,6.768899
9.13,7.7999353
6.95,7.562668
5.15,6.928607
7.35,7.212276
6.15,4.6392994
6.74,5.6520433
8.05,6.579881
5.26,4.662881
8.15,8.950718
5.1,7.263961
6.34,6.3445296
11.06,4.564847
2.21,4.140165
7.77,7.7784953
9.28,8.548917
7.05,7.1961145
5.55,6.047842
4.35,4.111303
7.52,7.753669
8.77,9.920976
4.77,4.648283
5.7,5.7543635
4.61,4.359508
8.05,8.480638
5.89,6.758243
4.0,5.0825233
5.4,7.0310335
5.07,5.4411426
7.25,6.2584243
7.28,7.1789484
5.02,7.0856137
7.7,7.4138594
9.35,6.2212996
6.62,4.8793597
2.92,4.671763
3.7,3.6631422
3.6,5.47519
7.85,7.5635366
5.7,6.8991647
5.39,5.6668315
7.22,9.3558
7.7,5.2995462
7.39,6.435575
4.7,6.103119
7.4,5.6134305
11.2,10.5246935
11.59,10.57989
7.8,6.3738985
7.82,8.239605
5.96,5.6360435
5.4,6.283999
7.92,6.5707464
9.4,9.573371
6.76,7.7620816
9.51,8.715237
7.62,8.637954
7.82,5.737086
7.14,6.3335633
6.82,8.119714
4.6,5.842823
4.03,5.324074
7.77,7.1280966
8.52,7.9144344
3.51,5.212128
5.47,6.6325026
7.33,7.3634605
3.42,4.672323
6.81,7.8889914
9.09,7.427647
8.0,7.7313213
9.09,8.096671
6.08,5.8359313
5.44,6.0866046
4.02,5.5771856
7.0,5.3861265
5.22,5.768004
3.85,5.887392
3.68,5.7603927
3.6,5.1193743
10.7,9.835405
7.55,7.411092
7.18,7.1872783
9.96,7.4227962
3.43,5.8197026
8.89,7.9577866
8.05,7.671438
5.09,7.0029593
8.48,7.2721467
9.3,8.072654
7.28,6.4686456
3.3,5.5339646
7.74,5.852435
4.38,4.125176
7.62,7.319592
6.17,6.8491926
5.73,5.935308
3.66,5.1961923
3.11,4.459032
7.29,7.5179486
7.57,7.4151044
4.15,5.6255074
3.28,6.1746645
4.42,5.021216
5.6,8.125798
4.92,6.5961313
5.89,6.649421
10.59,9.421699
9.64,9.512715
8.4,9.350585
8.7,7.8346786
7.21,7.044109
7.14,7.984196
3.73,4.1041813
8.3,7.404355
6.35,5.4310575
3.6,5.523098
3.19,4.4281697
5.49,6.4637227
7.19,4.637022
8.0,7.43775
5.63,6.1224465
8.19,6.836361
5.35,7.086363
7.1,8.128287
10.85,10.685847
3.89,6.080937
7.84,7.6107564
3.27,6.2805357
6.22,5.237997
3.68,5.7434616
4.89,5.7707605
2.3,4.4401517
7.6,6.024466
7.52,5.473368
8.14,7.36713
4.88,4.1818867
2.67,4.8133264
6.6,7.1728673
3.84,6.143429
6.82,7.850011
7.43,7.3952813
4.05,5.1100497
8.35,8.90785
5.28,6.3245564
6.68,5.843667
5.9,5.804301
7.99,7.828064
9.28,8.450802
6.22,6.457113
6.85,7.247664
4.02,5.881104
5.22,7.064469
4.85,6.5033903
7.42,7.3900127
6.55,5.5833273
7.35,7.697613
7.64,7.524671
3.86,6.6997395
5.58,7.8483562
6.21,7.869621
3.47,4.604788
5.14,4.6595855
6.57,7.0808835
5.27,10.387228
5.5,6.071716
4.44,5.242726
4.96,5.8388996
5.57,6.2186356
3.87,4.328337
6.68,6.1445055
8.38,7.9991937
4.23,5.3563247
3.65,4.4988317
2.19,3.5475745
6.05,6.207174
11.0,7.8829713
7.89,6.0922384
3.37,3.6679466
8.35,8.136682
4.58,3.7753775
3.12,3.65138
7.09,5.3834314
9.0,7.6306076
5.4,7.1077123
6.58,5.711582
3.36,3.9755218
3.1,5.163146
9.07,7.8255067
3.34,5.9471445
8.3,7.0973034
6.56,6.125956
5.1,6.1387424
5.89,4.5913033
7.7,8.275654
9.3,9.333427
5.12,5.0905704
6.03,6.06224
6.72,7.2105985
4.82,6.818956
6.89,5.8641086
8.74,7.837547
4.67,6.161725
9.59,8.328823
7.81,7.4219894
7.83,7.3247237
3.19,5.301786
8.05,9.332686
7.51,9.951378
5.18,4.9805408
6.96,5.46095
3.46,5.2191935
2.82,3.9646232
4.43,6.7774076
6.04,4.8356814
6.08,7.443121
4.82,5.7240844
6.45,6.864342
5.78,6.208259
6.06,5.0432653
4.71,5.0004287
6.96,7.143499
2.74,4.089512
6.7,6.6331825
4.22,4.978773
6.21,6.303348
4.55,5.439656
3.9,4.290843
10.35,7.1994157
2.26,3.6590195
7.57,6.884625
6.7,6.9529686
6.16,6.4285192
4.48,5.984125
6.0,6.5326786
9.15,8.674538
8.32,6.1965137
10.35,10.021814
6.43,7.003663
8.05,7.542498
4.19,4.811844
4.85,4.2677083
4.27,5.468933
5.15,6.3121767
6.92,8.072124
6.62,5.85913
6.87,6.4244223
7.3,5.841255
3.89,4.7145996
6.52,6.8933306
8.0,6.908432
3.44,4.4085383
4.84,4.990474
2.22,5.239046
4.12,4.1157994
11.57,9.506285
6.19,7.3240523
9.78,9.230788
7.27,7.6267843
8.96,7.488911
5.92,6.363468
6.65,6.6473794
7.4,8.028727
5.66,5.561958
6.36,7.2410464
4.17,5.2163887
5.06,4.934399
4.46,4.4581494
8.8,8.342846
4.1,4.4313436
6.03,6.0541043
10.4,7.818033
11.35,10.998244
4.14,5.6325917
8.03,8.014317
5.24,5.810839
9.22,6.6288095
3.1,3.9499567
6.02,7.021363
5.0,5.0062175
2.65,5.6428514
4.28,5.737517
8.17,7.4492607
4.68,4.8152127
6.77,5.7581387
6.67,7.100937
3.49,4.510911
2.96,3.9701924
4.23,6.327401
6.17,7.1096873
6.15,6.4645166
4.0,4.7032247
6.7,6.3763375
2.6,3.856994
8.92,8.358403
5.29,5.3316255
5.48,5.180908
7.15,7.3730874
5.07,4.190997
6.49,5.1539936
6.28,7.4353933
7.72,7.470646
5.27,6.3145285
3.7,5.720436
8.07,9.449661
4.64,5.91009
5.63,8.052648
4.67,5.3314934
4.35,4.8652215
4.57,4.2849298
7.8,7.7287836
7.0,7.1907377
8.92,8.046456
8.9,7.342093
6.32,5.129296
4.06,3.8691037
5.85,5.861696
5.79,6.8829756
5.03,5.8237915
7.14,7.8254633
8.44,8.36795
6.05,6.0243773
5.59,6.7805443
5.85,4.897262
7.41,5.146973
10.3,7.925412
2.89,4.389204
6.64,7.9676676
7.46,6.4007955
5.52,5.751196
4.52,6.042663
5.17,6.0474143
5.74,6.4078975
6.71,7.6108203
2.89,5.0917153
3.98,4.4339223
4.71,5.4481387
5.92,6.58755
8.54,6.373863
8.6,8.101865
7.96,7.261424
5.35,5.3906302
7.78,6.8209424
4.24,5.485359
8.49,7.765588
6.97,6.9774346
8.85,7.4564285
10.15,8.32009
6.72,6.757462
8.52,6.5590296
7.33,6.776782
6.76,5.3534603
8.96,7.057918
6.15,5.2312183
6.48,7.0770373
7.09,6.813996
8.19,7.2381997
5.77,6.989809
4.15,5.803973
4.82,5.0838842
6.67,6.86383
2.89,3.809213
6.63,7.148782
5.55,5.6458435
9.1,8.05264
8.97,8.434172
9.7,7.593738
9.08,7.69311
7.54,5.2723336
4.33,4.8953743
4.47,4.4883504
4.09,4.4760194
6.6,7.1566443
6.09,4.91637
10.26,9.415335
10.44,8.976265
10.55,8.851073
7.36,6.3450303
6.09,6.957776
10.47,8.564569
5.81,6.7980757
4.7,4.58018
6.48,7.631563
3.0,5.8000064
4.46,6.5987687
4.3,5.287245
6.62,5.9237614
6.39,6.205792
5.24,5.3639574
8.11,8.14429
5.02,6.2111664
4.38,6.47573
7.33,5.67712
4.94,6.161733
6.09,6.3966775
9.3,8.669216
5.75,6.914387
6.04,7.410092
7.4,7.143938
9.8,8.93058
5.99,5.2676697
4.84,5.807384
8.3,7.496983
4.77,4.9976597
3.7,5.8658175
9.22,8.044176
9.52,8.1715975
6.47,5.764424
10.17,8.05702
7.12,7.526247
5.85,6.092243
4.45,6.5803494
6.3,8.293073
4.37,6.188072
5.35,5.6593404
5.07,6.974947
5.26,5.926003
5.33,6.583412
6.27,6.722672
6.32,6.7382894
8.0,6.796604
8.29,7.9629335
7.1,6.5593953
7.37,6.171389
8.77,8.771131
8.34,7.4784236
3.49,4.027357
5.0,4.7504478
4.7,4.8300447
8.36,8.962844
9.11,7.263711
5.62,6.219432
7.96,7.421647
3.74,4.1484265
7.37,6.1084375
8.0,6.9012766
5.05,6.2706494
5.59,7.398927
8.4,7.429069
8.64,8.447077
8.82,8.289855
4.35,5.980099
7.0,6.349405
7.89,5.7120686
3.93,5.5475087
8.05,7.698763
10.96,10.31278
6.4,6.6872454
9.64,8.592581
2.89,3.449638
3.4,6.240947
7.72,7.2786813
6.82,6.312439
6.07,5.10171
5.11,5.9472904
7.36,7.464535
7.62,8.106544
8.38,6.917345
5.82,6.116032
5.1,5.30949
6.7,5.4398894
3.18,5.0753174
8.83,8.396933
5.32,5.6418796
11.42,8.044683
4.54,4.3106637
8.82,8.243301
6.11,6.3151937
5.31,4.962183
5.4,7.49216
3.96,5.1569223
5.92,7.693372
8.96,7.7252493
9.74,7.330412
5.57,5.3277125
5.96,6.412461
6.11,6.656904
7.13,6.556937
5.52,5.104596
6.85,7.47469
4.11,4.6218376
3.3,4.9915166
5.49,7.26932
7.19,6.6413364
4.48,5.511404
10.57,9.787371
5.74,5.9027147
3.21,5.464985
10.07,8.648815
8.08,7.4375877
6.64,6.9003
4.77,6.246802
8.3,6.410186
4.6,4.9346876
4.6,5.0833344
5.91,4.9076014
9.22,7.76047
7.74,7.057019
6.3,5.703053
9.55,6.827552
9.22,7.022847
8.7,7.2513885
7.12,5.6567354
4.82,5.66094
9.48,7.7838125
5.32,3.907136
8.14,7.7041755
7.3,7.1034727
2.22,4.0346594
6.43,7.036934
5.77,4.798208
6.0,6.145355
5.68,6.435454
6.82,5.75894
8.1,7.615971
4.3,5.998277
3.89,4.7771654
6.1,5.4956923
7.22,5.107816
5.66,6.5419993
7.94,7.4555335
7.15,5.881786
4.82,5.5317574
3.59,4.207261
3.9,5.587727
4.92,5.3096266
7.7,5.0565176
9.52,7.850764
11.4,10.289187
11.57,10.609389
7.43,5.7909837
6.0,7.312288
8.4,7.849338
6.62,7.733384
5.57,7.4138355
6.52,6.3360863
4.79,4.5724535
8.52,5.841662
5.64,6.1862607
7.25,6.7943935
8.4,7.5561943
6.1,5.267396
6.58,6.5544004
10.1,7.914948
7.2,7.1316094
5.85,6.446258
7.62,7.4296923
8.34,9.266356
7.48,5.0668364
4.47,4.917934
5.85,6.957365
6.89,6.06171
3.72,5.1730647
7.8,8.407947
4.52,4.639139
6.79,4.443346
5.64,5.246752
4.0,5.9819365
6.51,6.624101
7.7,7.303682
8.4,6.1348124
3.52,4.8170238
7.51,8.342529
6.07,4.7684817
9.4,7.2920036
5.12,6.903619
3.96,6.898377
6.93,6.0869403
7.96,6.8035197
5.02,4.99467
6.46,5.5131783
6.8,6.7154045
5.92,5.077457
11.3,8.897405
8.7,8.022615
6.84,7.443888
8.13,6.6405
6.52,6.4620132
4.12,5.2002425
2.66,4.4996505
6.15,6.4173837
5.4,5.4652414
6.07,6.3827405
6.64,6.4520054
6.49,6.1642084
9.42,7.745282
8.15,4.759224
5.49,9.529265
4.52,6.3514667
5.7,4.525937
7.2,5.48849
8.8,9.981944
4.6,5.0952673
4.77,6.8985453
6.6,5.8499403
5.99,4.965382
6.3,7.4633436
4.88,6.1855288
4.72,5.414426
7.46,6.8459773
7.6,7.055522
6.07,5.4171834
3.48,4.398925
2.0,4.5142736
7.82,7.2022066
2.59,4.22655
5.89,5.7622466
4.47,7.239217
6.52,5.2874804
7.02,7.497244
5.74,6.710148
5.48,7.2052417
4.28,6.2189975
3.61,5.4763303
8.36,7.645324
4.7,4.2191167
5.62,6.20588
5.36,6.042698
10.06,10.044204
4.89,5.612122
6.74,7.948933
5.36,6.790552
2.52,4.6881394
2.44,4.523507
8.52,7.2068596
3.85,3.0178497
8.43,6.8839736
4.75,5.5932484
4.7,4.4463143
3.78,5.910525
9.27,7.9144373
4.76,6.368007
6.46,5.9454603
6.74,6.8470783
8.0,7.8833656
5.11,6.9084086
7.25,6.179089
9.1,9.750232
4.18,5.7426987
5.65,6.030066
3.24,5.562729
4.2,5.3103843
5.25,5.295973
7.08,5.796752
5.59,5.5486493
11.3,10.48801
6.79,7.605035
6.26,7.6155615
6.4,4.967204
8.28,6.618716
9.12,9.894684
9.0,8.564607
4.63,4.5794964
5.02,5.7680507
4.93,5.758573
8.22,7.7954626
8.57,7.853496
8.89,7.987078
4.6,5.9974623
5.96,6.6002965
9.08,6.7169456
7.41,7.6333456
8.3,8.081009
3.23,5.4682946
4.85,5.272015
8.7,7.608218
4.62,4.935239
8.3,6.2549233
2.92,4.426748
7.28,6.8298965
7.55,7.0464306
4.73,4.8208966
3.0,4.4258056
3.33,3.8562698
3.34,3.8822203
3.14,3.5554144
6.25,7.9435744
2.76,3.6371996
4.42,4.590535
3.12,4.719388
9.71,6.7830596
7.0,5.54794
9.24,7.0819554
7.12,6.872756
8.03,7.822181
6.74,6.8629603
6.74,6.603706
4.57,4.006642
6.57,6.4243464
4.59,5.4415092
8.22,8.25457
5.12,5.397809
5.15,5.1717796
7.92,7.3631425
8.92,9.688724
4.85,4.825224
3.32,3.5171611
3.99,4.230017
7.17,7.657802
3.86,6.2973447
5.24,5.57472
5.62,4.724985
4.61,5.290181
3.39,5.3083963
5.73,6.0794454
5.04,4.112999
3.0,4.9405107
7.82,8.376755
6.56,6.6861873
3.39,4.7679176
3.35,4.689176
10.36,8.164671
8.15,7.1274443
6.63,6.1945043
6.47,6.4102254
7.71,6.7833176
2.96,3.627035
5.96,5.9442983
4.03,3.8054013
4.19,4.4803863
6.97,6.4737372
7.26,7.798405
5.24,6.3527703
5.56,7.0822196
3.69,5.4224496
4.85,5.988009
7.04,7.4866757
4.8,5.457076
5.55,5.0846148
7.66,7.3467994
5.11,5.040451
5.92,5.1328874
7.64,5.888128
6.0,4.8619585
6.87,6.0336704
5.85,6.273107
5.48,5.918526
7.62,6.5780964
8.02,6.358715
3.76,3.5540235
10.42,8.499494
8.82,8.265133
6.63,6.8455067
9.07,7.5795374
4.07,5.254003
9.03,9.153195
9.49,8.737922
8.02,6.7774944
10.37,9.363163
10.52,6.4896936
8.33,8.05306
8.0,6.1703835
6.6,6.501361
6.69,5.7504363
5.49,5.716417
7.0,6.0208287
11.0,9.726359
8.85,8.255756
4.46,5.3210754
3.6,6.4863954
4.41,5.788913
8.35,6.5589643
4.83,5.9029856
4.85,5.5688806
6.57,7.674932
4.85,6.1584496
3.31,4.175659
6.86,5.179453
7.36,7.706273
3.55,4.5496573
8.21,8.078025
4.16,5.1417456
6.57,6.847175
7.0,7.2916155
3.3,4.4689646
6.4,5.8973913
4.99,5.413677
6.31,7.044482
7.09,7.399403
3.51,4.328105
6.3,5.9698663
8.62,7.0684266
7.8,6.9877367
9.22,7.777601
4.89,6.7536354
5.52,5.298383
7.74,6.861261
4.89,7.755107
8.3,7.8472996
6.85,6.3242393
5.22,6.437311
8.72,9.458666
8.15,7.119551
4.74,4.400738
4.59,4.686914
6.11,7.0441575
8.82,7.112767
8.44,8.045085
5.14,5.52924
7.0,7.1514096
9.4,7.755058
5.27,3.795026
2.62,5.6616325
7.89,5.471484
5.7,5.8830075
6.35,6.229196
3.95,5.0526023
2.24,5.696508
4.32,5.8878474
6.47,7.520411
8.52,7.098015
2.31,4.371642
7.95,7.6874905
5.68,6.502598
6.6,6.824921
6.49,6.9303613
7.47,7.698293
7.73,7.38651
4.89,6.1630588
5.34,5.805847
5.01,5.7970786
5.96,6.7542806
4.37,4.591356
4.1,6.008579
5.96,5.3607793
3.46,4.615675
10.49,7.7523284
5.82,5.4674654
7.38,6.284087
8.15,7.9329634
7.47,6.6751432
6.49,5.935685
7.4,6.5246315
5.47,6.4466376
10.85,9.382047
5.96,6.7100277
10.6,9.3665695
8.42,6.1530814
8.8,6.1796727
8.99,7.735152
4.21,5.0408316
8.21,6.9783354
6.42,5.0830793
3.26,4.3777447
4.89,5.088455
7.72,6.1980996
4.97,5.6620445
9.19,8.448327
7.05,8.423137
5.1,6.5230412
7.6,6.447397
4.78,4.599016
6.34,6.4245768
4.48,4.858664
7.36,6.9587984
8.05,7.531869
10.58,10.364466
7.11,5.7528605
5.75,6.715807
5.3,6.3063655
6.29,6.735336
7.94,6.1281533
7.0,5.719627
6.76,6.5132155
6.51,6.8153996
2.47,4.5688376
4.59,5.0411453
5.01,6.0168605
8.4,7.8591743
3.92,5.08396
6.89,7.4990396
8.4,7.494038
7.55,7.412715
5.92,5.948314
5.6,5.989067
9.22,8.368997
3.46,4.6587853
4.03,5.766406
7.09,7.03627
5.57,5.597596
5.82,5.921408
6.24,7.666185
4.92,7.598244
7.24,5.1965666
5.11,5.0734115
7.35,7.864645
4.25,6.20692
7.72,7.218238
4.38,6.312184
7.0,5.343506
6.15,5.4533243
4.51,5.2259254
7.92,7.528938
8.19,7.3462133
7.66,7.4420238
4.54,4.7475963
3.59,4.4368653
5.23,5.290449
6.32,5.70757
5.12,5.335769
7.36,7.1605563
6.74,6.455048
5.4,5.2681317
6.43,6.3212223
7.95,7.011945
4.74,5.6161566
4.77,5.706358
6.4,5.6234593
4.72,5.130548
3.37,3.696329
5.92,7.688986
6.92,6.5952315
5.3,6.0753016
7.43,6.4633355
10.52,8.755517
7.4,5.555759
8.57,6.6842675
9.34,8.432416
10.0,9.053412
5.4,5.1628275
3.22,5.5927873
10.0,7.2879496
6.0,4.233725
7.57,5.5270925
6.1,6.23312
9.04,8.563928
3.1,5.0204506
7.16,6.929114
2.96,6.1010942
6.59,7.530862
8.15,7.0227723
8.4,7.3864202
7.17,6.5883446
5.48,5.776562
5.08,5.502901
7.22,7.811896
4.66,4.149825
5.34,5.382328
5.0,5.6865063
3.82,6.5236998
7.96,8.548568
5.57,5.4209356
7.55,6.693145
5.85,6.6518292
6.06,5.1425705
4.91,4.88917
3.77,5.443822
7.52,6.883843
7.85,5.5714126
5.81,5.624457
6.82,5.168201
8.39,8.55111
2.22,5.7449765
4.66,5.9682055
9.0,7.856281
7.45,8.184084
6.55,7.179755
4.85,6.705609
5.23,5.816465
8.11,8.194735
7.31,6.8372717
6.77,6.2122707
5.22,6.327458
6.77,6.7172217
9.57,7.231034
7.4,6.7742004
5.1,6.27113
4.21,5.149044
4.1,5.994933
6.09,6.2757955
7.72,6.5979533
5.1,5.349251
5.19,4.760391
3.62,5.2102427
6.16,7.1270943
5.8,6.9925466
11.3,7.953446
4.22,5.644537
6.85,6.5057516
10.62,9.320838
7.96,7.8273115
3.07,3.9722383
6.2,6.8102365
4.37,5.2384205
8.0,6.350164
3.37,3.4711611
7.74,6.03121
7.06,4.072544
7.52,7.7879367
5.77,5.604847
3.84,3.3896847
7.34,7.491179
6.82,6.3041406
4.82,4.842677
4.73,4.627877
4.74,4.8598285
3.0,4.430888
6.12,7.3228745
7.47,7.887815
6.88,6.9640265
7.15,6.931376
11.7,9.729652
7.07,8.076992
6.52,6.550651
7.0,6.496832
9.22,6.5498333
3.69,4.9313326
4.39,6.1089077
5.33,5.7353315
3.93,5.0781655
8.3,8.924646
5.52,5.11857
6.64,5.9853683
7.54,6.947989
8.7,9.74839
6.12,8.396505
6.1,5.9952974
8.7,7.4037433
3.96,3.4478831
4.94,5.0423007
7.0,5.9672256
4.66,4.474032
7.22,6.912444
8.48,9.716273
11.68,10.653128
6.6,6.7758384
6.35,6.2798595
7.0,6.5254946
5.41,7.110673
4.89,5.95438
6.6,5.575139
5.24,7.03706
4.59,6.092704
7.52,5.724885
8.37,8.804225
6.06,6.2877145
6.3,5.028141
6.7,6.4734516
3.48,4.5448165
6.35,5.453756
10.89,9.733975
7.28,5.537773
4.43,6.101585
8.1,7.228797
6.31,6.3565416
4.4,5.462664
6.7,6.393937
8.69,9.58279
4.26,4.0979757
5.76,6.276718
2.6,3.672572
3.9,6.0169544
4.68,5.266308
5.71,5.5707083
5.72,4.9231434
8.44,5.851366
3.71,4.4599075
3.02,3.8950772
3.3,4.707492
6.62,6.9728746
5.0,4.9411325
6.6,5.5376496
8.7,8.41576
8.0,8.180228
4.15,5.3802667
8.44,8.548139
6.4,6.2917767
5.52,5.6987104
9.57,9.346265
5.17,6.215922
5.22,5.791104
7.96,5.922516
5.05,6.1020923
7.05,7.4542675
6.86,7.559431
3.6,4.454532
5.57,5.443571
4.03,5.90938
3.35,4.166595
4.85,5.1975136
7.22,5.6023035
6.42,5.629714
8.15,7.8569584
8.06,7.9219127
7.85,8.061094
4.2,4.1584377
7.0,7.330917
7.77,6.7325597
5.62,5.265326
7.17,8.511106
6.91,4.9369597
4.62,5.1389313
7.09,6.929876
4.22,5.68531
9.52,8.129771
9.77,9.271858
3.96,6.136538
4.52,4.2730207
7.89,5.9872155
7.64,7.9429817
8.24,7.5976887
8.09,7.6086307
3.0,3.6333697
6.05,5.212471
9.0,7.574924
4.43,4.4448876
6.72,6.4268246
7.73,6.893217
6.62,6.3312383
5.44,5.9185286
10.96,9.496151
6.77,7.5403013
7.96,8.069215
6.49,7.6399093
8.83,9.777732
5.43,4.902771
8.66,7.9524713
9.3,8.945088
7.49,7.6193604
11.3,10.729736
6.52,6.23526
9.1,7.3640633
7.46,5.1806173
4.85,5.07557
9.19,6.889192
6.22,5.7513833
7.59,6.247474
6.44,5.1452136
6.57,5.443351
6.92,5.903363
5.92,5.3731813
4.77,5.5893106
7.89,8.093118
7.41,4.916097
5.64,6.25917
6.99,7.8940816
8.52,6.871394
4.19,5.404269
3.04,3.7356842
6.98,7.0966125
3.25,5.4088955
3.38,4.954808
8.72,7.589658
7.74,7.537519
4.51,4.775086
7.77,7.0099654
7.22,4.7975936
2.52,3.5656118
6.18,5.6767597
5.74,7.3589296
5.66,4.44447
6.34,7.9929304
7.42,6.8911767
9.4,8.90673
7.92,8.761013
4.51,3.6397314
7.7,7.450972
6.98,7.7042103
7.33,5.789143
8.94,8.559838
3.34,3.1696918
6.62,6.7273483
6.77,6.7278366
6.43,6.040079
5.96,5.9926076
4.94,5.3469934
5.83,5.1477165
8.77,7.9237404
8.92,8.223445
5.8,5.9782386
6.15,7.2988787
10.18,7.1157517
8.85,8.014102
4.37,5.033734
7.84,5.7067595
7.77,6.5807524
4.52,5.014158
8.62,7.6380796
2.53,6.614063
4.14,5.25396
3.5,4.1252375
4.46,7.0265326
10.9,9.057242
7.85,8.107459
6.7,5.688457
4.92,5.713313
4.3,4.1651487
5.84,5.9571934
6.05,5.959233
5.68,4.201037
10.62,8.43046
10.0,6.094655
11.57,9.375099
4.8,3.3222635
9.96,10.572871
6.05,6.7287326
3.88,6.266187
3.87,4.802
3.89,3.764812
8.28,7.5292487
6.55,6.5647335
5.08,7.542659
4.35,3.7162342
7.92,7.525398
4.64,6.1663365
11.7,9.946753
4.42,3.9180202
5.77,7.4111357
5.47,6.1194143
4.12,4.453102
7.03,6.6235113
7.24,6.3138704
7.92,7.8397136
8.7,7.679264
5.59,5.4919415
7.7,6.1472263
4.66,5.834588
3.69,4.571573
3.76,6.888111
5.18,4.7019877
6.26,5.242711
6.42,5.392696
2.52,5.728154
8.11,7.49546
8.37,7.541563
7.8,7.8464236
4.56,5.603148
6.89,8.36042
6.97,6.694474
9.23,9.299248
9.5,8.478183
5.0,5.284525
2.31,4.585236
2.47,4.251373
7.68,6.6642885
4.62,5.959169
5.8,4.3239827
5.97,5.796052
5.82,7.1901426
6.28,5.465628
5.51,5.519412
4.33,5.9928303
6.52,5.0701175
9.09,10.090279
4.39,4.5724106
5.06,6.5302024
5.54,6.9019413
5.17,5.9140344
6.73,7.264978
9.4,7.021923
5.25,7.112952
7.21,7.071186
7.51,7.473899
7.55,7.7969427
8.69,7.687733
4.92,6.163586
6.3,5.7889113
3.69,6.9355183
3.63,5.517632
7.06,8.395766
4.11,5.83166
9.1,7.157336
5.85,7.1176925
5.74,5.536787
5.85,6.245744
5.4,5.8774314
5.22,4.437022
6.59,5.838092
2.8,5.2870107
8.22,7.389563
5.9,6.4335556
2.89,4.1973276
3.95,4.940213
6.52,5.616796
5.27,6.111882
9.4,8.137562
8.55,7.386921
7.34,7.2831597
7.38,7.1392097
4.49,7.39912
6.87,6.738633
4.3,5.428769
6.41,6.5747366
7.09,7.3890314
4.48,4.592896
4.68,4.7055883
6.64,6.6139717
6.4,7.4343414
7.1,6.4071226
9.2,7.854762
4.14,4.502154
2.48,4.054841
5.31,6.1699243
7.95,6.9531617
6.14,7.080026
9.12,6.5720053
7.59,7.0860953
7.72,7.1715236
8.55,7.6002455
7.99,7.127511
6.44,8.489913
4.03,5.177269
4.66,4.8449078
4.77,6.895779
5.09,5.1397467
6.71,7.9046693
5.8,6.0300927
4.24,4.6998696
4.39,3.7892268
3.17,4.8715353
4.56,5.837493
5.74,5.120443
5.19,5.8137984
9.7,7.388542
4.1,3.978646
7.6,7.5234337
7.31,7.6604214
6.46,7.0024457
8.05,7.8104854
7.06,5.8902974
6.38,5.298752
5.96,7.229662
7.61,6.0527925
8.44,8.153481
6.72,7.2766037
6.23,5.194442
4.7,5.7718472
7.18,7.381034
6.79,6.2970114
3.65,5.05632
2.17,4.381914
6.69,7.9891877
7.06,7.0059433
5.75,5.4524093
7.21,6.7923355
8.2,6.504825
8.62,6.717389
3.14,4.3475647
5.23,5.466069
3.95,4.987628
10.12,7.2009573
7.3,6.731734
4.03,4.705029
4.35,4.646774
4.25,4.6175427
10.72,9.15435
3.19,4.3275127
8.85,8.518377
6.89,6.890522
11.92,10.593804
6.7,7.354337
5.95,5.674962
5.91,7.2888107
4.62,4.660208
4.47,5.465675
7.29,6.2093563
6.85,7.944
5.59,4.7593303
4.66,5.3699102
6.77,6.043037
6.4,7.137521
5.49,5.3644476
2.77,5.104063
7.37,6.739831
3.74,4.7583137
7.33,4.737269
7.5,7.5810485
7.17,6.6509795
6.66,6.7274218
6.98,6.663569
5.7,7.3548765
8.1,6.636959
5.1,5.4436836
7.85,7.487496
5.07,7.6290364
8.37,8.327445
5.7,6.388209
7.66,7.678065
9.34,9.872567
6.29,5.9852095
6.5,6.129893
4.7,6.758162
4.6,5.424598
5.35,6.313336
6.67,7.1154265
7.48,7.6309314
6.48,7.4730716
4.72,5.50399
4.89,5.9118667
5.3,5.735973
5.1,7.005734
6.78,6.7851787
7.51,5.340435
5.13,6.2716365
5.59,5.4538183
6.54,6.595609
9.3,7.408206
8.49,8.18198
4.06,6.108589
7.64,7.3924108
8.4,7.62216
6.74,5.4412794
6.1,7.3000975
5.89,6.1629205
8.6,9.680262
3.4,5.177168
6.66,5.789051
6.0,6.5104117
9.55,7.959055
4.82,4.972968
10.0,9.125646
6.66,6.7658987
7.66,8.021099
7.4,4.4912124
9.4,8.392479
8.8,8.17858
7.0,7.8122363
9.44,8.3611965
9.54,8.587986
8.1,5.3265977
2.92,4.885505
7.28,7.9313
6.37,6.131848
11.4,9.369631
10.52,8.3798485
10.0,7.3081894
6.62,5.2173767
7.52,8.1060295
6.19,6.3101664
6.89,6.5352173
4.92,5.3828406
6.92,8.043616
4.22,4.3565288
4.04,3.9241807
6.46,5.882418
9.0,8.149012
8.64,8.182794
10.05,5.3655944
7.82,5.896134
3.59,4.811782
8.11,8.461343
9.07,6.575159
5.21,4.9982953
5.09,5.1644506
6.36,6.128983
7.68,6.4725127
8.12,7.8385134
5.74,5.0425806
6.82,6.776845
2.44,4.4153204
3.03,4.782421
8.81,5.533644
4.4,6.0109596
5.15,4.211871
5.7,4.940363
5.01,5.673423
7.66,7.942743
9.47,8.625516
10.24,8.945761
8.77,5.682247
5.0,5.621119
8.92,7.1748023
8.1,8.621198
6.92,7.6107726
8.7,8.811621
4.42,5.748505
7.48,7.1070285
4.22,5.575254
3.4,5.6359835
3.25,3.9526021
5.6,4.6489167
7.68,6.0806823
8.7,6.4251127
3.7,5.0545278
6.73,6.392291
8.24,7.7686048
5.92,6.9647865
8.1,7.2187204
8.0,7.119508
5.7,6.1073484
7.62,7.313166
9.29,7.5950055
3.64,4.9335814
8.05,4.755834
8.4,6.898972
6.31,7.741349
7.4,8.88354
5.68,5.4462166
7.28,6.359587
9.22,6.8549237
7.17,7.0290847
9.89,6.0043125
7.1,5.0243316
6.89,6.0378237
6.71,6.4324093
8.32,6.210636
6.52,5.4516206
4.32,4.836225
6.38,5.9485707
3.81,7.0314665
8.05,7.7012467
4.8,5.8121047
7.6,7.170143
7.92,7.025043
7.96,7.74701
6.53,7.380045
8.7,6.6470246
7.18,8.354268
6.3,5.315854
6.68,6.4437513
7.25,6.543838
5.19,4.424067
10.2,10.227387
7.15,8.462837
4.0,4.4915266
5.67,5.433263
3.22,5.039592
9.08,8.94192
5.89,5.1089635
8.4,7.1821203
4.96,5.4879375
4.94,5.9494057
4.15,5.515838
7.03,8.297877
2.74,3.5331943
9.13,7.5416923
5.29,6.8158054
8.7,7.9691806
8.59,5.655618
7.8,8.54088
4.43,4.824796
4.03,7.5891147
6.72,8.114226
6.46,6.578575
5.47,5.825676
8.87,6.281238
6.55,5.7628026
5.07,4.041761
8.09,7.567692
6.64,6.048728
7.7,5.9530716
8.82,6.6877575
9.08,8.934897
5.7,6.172831
7.8,7.417651
3.81,4.3098717
5.17,4.3331895
6.27,6.4044275
3.18,3.3101237
5.48,4.798858
6.18,6.535124
7.3,7.0283985
8.22,8.622419
3.75,4.6457033
4.8,4.327422
5.22,4.4788976
6.52,5.2817025
7.22,7.11522
5.85,5.4341598
4.72,5.7665734
7.92,7.6461544
6.7,4.819027
9.41,9.468577
2.69,4.779789
3.72,5.5917153
6.63,6.0976515
8.23,7.0875883
6.77,5.751653
6.8,6.4617453
11.22,10.145371
2.17,4.7515597
2.35,4.688043
3.3,4.4757533
8.27,7.577875
6.51,7.802612
5.39,5.463728
7.52,7.9400196
6.89,6.279962
8.3,7.782445
6.7,4.8017545
8.7,7.970124
4.1,6.8180346
7.32,6.8701663
3.6,5.499383
8.3,7.469583
5.54,5.1406426
8.0,7.2127576
7.64,6.230531
7.0,5.8897467
6.92,6.2221932
7.22,7.4395347
9.1,7.439033
6.7,7.1502624
3.46,3.540468
10.01,10.041114
8.15,5.8278484
7.28,5.4927654
5.2,5.851649
5.1,5.730285
4.55,6.0437765
3.66,4.093927
4.88,6.481732
5.22,5.137857
4.17,7.0782204
5.89,5.9711018
5.82,6.890157
4.05,5.2848864
6.89,6.943666
7.96,8.216731
7.3,7.7078433
6.25,6.6782045
5.77,6.919225
4.92,4.9362817
9.64,9.582272
8.7,7.4624534
7.35,7.0288544
7.59,6.0262446
7.95,6.773505
3.28,6.455222
5.44,7.015825
6.0,6.2396784
4.69,4.5664124
6.9,5.9925137
6.1,5.8911223
4.0,3.6105256
9.1,10.033992
7.82,4.8649235
9.32,7.317061
6.51,6.6250734
7.0,6.771905
6.92,6.686166
8.0,7.317652
8.4,7.550651
6.54,6.130825
3.98,4.8991957
2.27,4.216284
9.28,8.038526
7.23,6.410302
7.45,6.840722
7.21,6.6841774
7.92,7.7371597
8.14,7.4762444
3.59,4.028092
4.15,3.5850625
4.47,4.815568
6.31,4.9660387
3.15,3.908211
5.64,5.9751067
6.6,6.9536633
5.14,5.068756
8.09,8.084374
3.47,5.653546
9.4,6.2493176
6.3,6.445801
6.7,5.5806866
6.99,6.16691
5.21,5.7417283
3.73,7.010959
3.05,3.7610598
7.2,6.2652645
2.89,4.488428
3.47,5.335236
7.38,7.7261224
11.05,9.996208
4.93,5.7377024
5.03,5.26049
8.72,6.4846277
3.68,5.5551863
7.74,7.363461
5.28,5.4481306
4.7,5.6120324
4.6,5.0275755
5.21,5.1157694
3.82,5.0033474
4.84,4.183489
6.0,5.7908807
6.1,5.6135774
7.49,6.0068927
4.68,6.3158746
7.23,8.144779
7.26,6.896085
8.77,7.5397797
7.89,7.7096763
3.82,5.2619405
2.19,3.6528683
3.52,4.365435
5.76,5.775959
7.8,6.914189
5.47,5.220787
3.42,4.3437486
6.22,7.15014
4.19,5.360639
5.42,5.5398293
6.72,6.124424
8.52,6.7829995
7.16,5.930326
6.5,7.872704
6.6,7.7849703
5.82,6.751172
8.0,7.4364986
6.44,5.823131
6.3,7.5425673
3.02,4.0837407
3.9,7.90577
5.54,6.811578
7.28,7.879751
3.03,3.6446512
7.82,5.6953955
6.26,6.205722
7.3,6.5093865
7.64,7.401448
5.41,5.196377
7.52,7.328422
2.41,5.9398565
4.32,4.7871213
4.28,5.533256
9.05,7.197812
4.77,4.8148913
7.1,6.5438313
4.76,4.937045
7.85,6.184768
8.24,7.877048
7.75,7.864053
6.59,6.552887
9.82,8.864024
9.11,9.314835
2.92,4.8135033
5.24,5.7408347
7.96,7.312814
2.77,4.654866
7.89,6.5127397
7.76,7.834824
6.03,5.6683273
7.13,6.855233
9.82,7.6337676
6.33,6.3954268
4.72,6.665023
8.7,7.0122457
9.3,7.6239533
5.17,5.676833
5.44,4.2920885
5.25,5.6118
7.28,8.177186
5.41,5.7493687
6.92,7.0311203
7.52,7.640771
7.65,6.2793036
6.3,5.8329034
7.92,7.2771373
5.44,6.588306
4.24,5.5154424
7.91,7.869295
6.1,6.1233487
5.87,5.0367136
5.31,7.5054684
5.4,5.068177
6.57,6.271286
6.0,6.8369336
4.26,6.750234
4.2,5.5670495
8.19,7.4435267
3.67,5.0393243
5.26,5.7896104
7.85,5.70241
7.62,7.7511497
7.92,6.6956587
6.64,7.209235
7.52,6.2375097
6.73,8.057037
7.6,7.864026
8.34,7.7287226
4.46,4.8705072
4.85,6.885132
6.45,6.7443967
6.34,4.52725
9.29,8.414106
9.49,8.562824
8.05,6.320004
7.13,6.639193
5.9,4.7763743
8.85,6.474749
3.84,4.2873716
5.74,6.2442985
8.09,6.5795665
5.32,6.37952
6.33,7.4288516
7.68,7.574089
7.05,6.663967
4.88,5.259732
6.39,6.1002426
3.69,5.988427
4.92,5.660153
5.67,6.841895
5.04,6.0761065
2.17,4.513608
3.23,3.4932556
5.59,7.3809915
5.4,6.511909
2.85,4.747369
6.55,6.3551364
4.54,5.5573277
7.64,7.5056977
6.36,6.8663
7.11,6.4342318
7.85,6.997214
4.24,5.893843
7.17,7.847457
6.0,7.292252
8.74,8.422795
7.22,6.79854
10.82,9.513472
7.06,6.3394713
5.19,5.6710677
6.67,7.1791515
11.52,7.185002
5.3,3.845067
6.85,7.0575695
5.96,5.5739965
4.18,5.2676005
3.82,4.1067643
6.55,6.8207536
9.48,10.27902
6.83,6.9142923
10.0,7.887474
6.6,7.5367694
6.63,7.2040524
8.0,6.201755
5.64,4.362766
3.77,6.0838823
7.15,6.17176
6.12,6.449484
8.1,7.0055504
5.82,5.9146657
6.49,7.236836
3.52,5.313119
5.51,6.4630837
3.7,4.697585
3.58,4.664642
4.99,5.3899083
5.67,5.3116503
7.59,8.0749445
6.4,6.403262
7.46,7.5912404
4.82,5.9476056
7.94,7.148243
7.01,7.5195484
7.0,5.9053783
5.42,5.920773
7.55,7.0267973
7.8,6.256587
6.52,6.215291
4.68,5.7636256
6.42,7.08182
5.13,5.8001585
5.07,5.680937
4.5,5.749218
5.23,5.8269258
6.43,6.8077517
2.38,5.3256817
5.92,6.4405265
7.15,6.426824
9.0,6.9162326
5.05,5.9270816
5.41,5.728656
5.37,6.9303975
6.7,4.9884987
4.52,6.1174836
5.15,4.725111
7.37,8.014607
9.96,9.703602
7.55,6.66519
9.15,8.025101
9.7,5.3337793
4.66,6.9530325
10.3,9.632002
9.3,7.4378533
7.5,10.567931
4.52,6.351097
4.54,4.3576827
4.96,4.787472
5.06,5.244407
7.46,7.990527
4.92,5.8794317
6.08,7.232166
8.22,6.638659
2.37,4.548809
8.8,5.1339946
5.21,5.556504
7.16,6.6105037
10.0,9.394981
2.5,3.1240518
4.31,4.6244326
6.28,6.056244
6.7,7.144579
7.03,7.0899277
6.7,6.4933014
7.82,6.2292666
7.28,7.2364807
6.34,7.4961653
4.38,5.7673893
4.8,5.689792
9.49,8.43089
6.36,5.372387
6.68,5.0417433
5.29,4.7761908
11.92,6.0288897
8.85,8.849986
11.1,8.750305
7.4,6.1333303
9.05,8.572079
3.0,4.438647
6.85,6.003492
7.74,7.765677
6.48,5.7083206
5.28,4.8096595
2.39,5.3229103
6.89,5.053267
7.0,6.4139533
7.7,7.718676
7.24,7.8394847
8.41,8.229529
5.47,5.698131
2.57,4.729854
5.44,6.69072
8.22,7.9586234
10.19,8.918212
6.47,4.9697948
7.25,6.376129
3.33,5.46166
3.52,4.263708
6.6,6.95687
8.4,8.222956
9.4,7.6896796
7.52,7.230665
3.7,3.9547203
3.89,4.502531
6.1,5.654412
4.15,5.9566865
6.68,6.790764
7.52,6.7849092
4.52,6.7333436
9.7,7.782695
9.09,9.610187
8.38,8.178854
5.66,5.902165
6.08,7.1741467
6.31,5.0482726
5.15,4.255505
7.3,6.09114
5.0,5.845834
6.92,6.5206456
8.55,7.538645
3.23,3.778834
8.3,6.849
7.57,5.8000636
6.72,7.198463
7.74,7.178538
10.0,9.316858
5.24,5.3982882
6.89,7.7516236
7.74,7.867862
6.03,9.008841
7.36,6.8161783
4.22,4.8430595
6.03,5.7359586
7.42,7.8933916
7.3,7.4282804
2.93,4.55113
6.19,5.9664083
5.22,4.7413836
3.05,5.092184
7.55,5.0347357
6.19,6.286823
4.29,3.97366
3.37,4.0312467
8.48,8.967494
8.22,7.513661
4.0,5.25417
6.26,5.114751
6.18,6.4834275
7.08,7.5946736
3.08,5.1314025
7.09,6.652166
9.92,8.530298
5.15,4.5223265
6.64,5.663371
6.19,4.6100583
8.27,7.17659
8.01,5.90358
3.55,4.9099326
4.06,5.9523654
3.79,5.081646
8.1,6.5486856
6.6,7.0917788
6.6,6.647457
10.52,9.498578
9.18,8.280766
4.7,5.3195724
2.7,5.416679
9.52,7.8983536
6.0,5.201729
6.07,6.282926
7.34,7.366244
4.82,6.2399597
5.7,6.5989966
4.59,5.4488025
7.13,6.4884024
3.52,4.0895615
8.2,7.7458553
6.44,7.8326626
4.23,5.65675
5.49,7.1409936
6.82,6.615304
7.42,7.6453614
7.12,7.482336
7.57,8.185938
5.68,5.762908
9.01,9.090105
9.1,9.0496025
10.85,8.816006
3.6,5.0253983
3.42,4.791717
4.32,6.32732
3.9,3.9092863
3.55,5.0078273
4.51,5.194576
4.85,5.5845556
4.08,4.6441207
9.85,9.655304
5.49,4.642469
3.41,4.3195996
4.07,4.8767576
5.06,6.2861643
4.09,5.6017003
6.01,5.353024
2.94,3.9384336
3.42,4.336868
6.1,6.7120404
5.9,6.889941
9.19,7.9310665
10.62,9.109032
7.82,6.915805
6.69,6.6341267
8.7,7.989081
5.75,5.8273897
5.14,4.966123
3.85,4.936483
7.28,6.9859133
5.6,4.2974553
5.85,4.0794125
6.74,5.6490436
7.89,6.9834504
7.79,5.317536
6.14,5.5189934
3.77,4.2553186
5.28,5.287001
5.6,7.582752
6.5,7.4491267
7.56,7.623944
7.58,7.335876
2.98,5.3453083
10.68,7.801856
6.35,5.621456
8.0,8.410027
7.26,6.867853
7.8,6.12611
5.7,6.322698
3.37,5.3421855
8.96,8.151871
2.98,5.269168
6.35,5.785354
7.6,7.3455634
7.52,7.126984
7.19,7.4477186
5.7,4.6472363
7.28,6.1359854
6.77,7.659124
6.74,5.4757724
4.68,4.8319244
5.0,4.558096
4.53,6.3805285
7.64,6.7727075
6.98,5.9952793
8.7,8.161924
9.92,7.2935963
4.0,4.6849103
4.77,5.8237605
5.07,5.9206777
5.34,6.0101037
2.92,4.5605555
11.28,7.3236732
3.7,4.751573
5.94,5.480952
8.52,8.547963
5.39,4.066653
4.12,4.1343327
7.25,7.122158
2.3,3.3672445
8.05,7.508426
7.52,7.414804
7.2,7.0340023
3.48,5.7663984
7.62,7.0795336
8.8,6.520599
5.68,7.1932983
11.23,9.096976
6.36,7.2939286
7.39,6.290635
5.0,6.8337984
7.02,6.12623
7.22,5.1671658
9.65,7.7423487
7.06,7.189582
6.45,7.1072307
8.58,6.9179063
6.41,7.252673
5.63,4.3790607
6.4,7.2407923
6.82,5.5714893
5.05,5.7149105
5.72,5.614576
9.7,8.508763
6.36,6.820721
5.38,5.004759
8.51,6.1733475
8.05,5.830954
7.48,6.874171
6.31,6.023157
8.25,7.26964
9.19,9.607347
6.24,3.4615297
7.72,7.457655
4.75,6.832122
5.18,4.893861
7.0,7.7816787
8.47,7.2864156
4.96,4.9739814
3.82,4.880463
7.96,7.2636
7.44,6.9188013
3.24,4.3004723
3.95,4.4940276
7.1,6.3575215
4.21,4.558236
9.7,7.739401
6.71,4.900757
6.96,7.2871346
7.5,8.120097
7.57,8.077092
5.59,7.116631
7.68,6.653132
6.28,6.530582
5.18,6.614905
5.62,5.3237867
4.41,5.4954057
6.27,5.6451116
5.43,5.8801856
3.28,4.477494
7.7,7.8000674
2.21,4.5989633
5.8,4.4477353
7.61,6.342411
6.1,6.6143255
11.32,6.600855
6.43,4.159335
6.62,5.476444
4.22,5.400292
9.6,6.514508
8.0,7.690916
6.49,7.4075975
8.82,8.234131
3.04,3.9000974
3.67,5.650222
4.3,5.2125974
5.4,5.1958594
7.29,7.6633263
4.85,7.4996347
9.03,7.2828555
5.51,5.1378007
4.77,5.819362
8.57,6.4292
7.4,6.8650746
6.84,6.790076
8.42,6.783673
4.15,3.8758702
4.89,6.5877986
7.77,7.335728
6.74,6.64105
8.49,8.005131
7.85,9.088889
5.94,6.518003
6.46,5.08581
6.33,6.4720883
4.36,6.2008934
5.03,6.3459144
6.82,7.129492
5.76,6.01715
8.0,6.229007
8.28,7.597476
4.17,5.8605494
4.0,6.0523596
5.48,4.443932
5.4,4.3144836
7.57,7.858743
5.43,5.9589734
7.82,7.0022216
7.74,7.7217894
11.15,9.484464
6.39,7.102849
6.95,5.6810513
7.36,8.061991
8.6,6.829127
4.23,4.863245
6.59,6.1835337
5.51,5.7398357
8.7,6.831011
7.96,6.784312
8.1,5.694374
6.47,6.140659
6.28,6.1505404
7.0,6.4330144
3.62,5.315687
6.54,5.795993
2.64,5.8654127
7.1,7.5593867
7.77,7.648093
5.89,6.130157
9.47,9.998811
7.15,8.277268
9.21,9.540236
5.86,6.279353
3.74,3.6244266
5.8,7.115829
8.44,7.5476384
5.51,6.6157846
2.93,6.359898
5.96,6.9234495
6.14,6.9335685
2.32,4.896453
3.55,5.2994533
8.57,7.05642
5.1,6.3695683
6.09,6.6864076
7.66,7.701358
11.05,10.29529
6.15,7.990776
3.29,5.1089787
6.09,6.403791
8.62,7.732414
4.25,6.735848
4.68,5.0269094
7.81,7.297135
4.92,5.075497
4.24,4.3134065
7.0,7.697216
5.4,7.12655
6.69,7.586299
3.8,3.8145525
4.7,5.441341
5.29,5.2081423
7.8,7.188458
8.05,7.209008
7.21,6.4245787
6.85,6.7370067
3.2,4.182327
8.89,7.900485
6.44,4.772466
11.52,7.6757107
4.58,5.0649376
9.14,7.850921
4.62,5.085244
9.41,5.157239
6.73,6.271167
5.4,6.8271847
6.63,4.942025
4.68,5.037856
4.41,4.2634745
6.0,5.6643662
4.25,5.01204
4.17,5.0608783
9.24,7.150517
6.28,6.4402423
8.1,7.2923555
4.0,3.892898
6.01,6.433676
3.52,4.1557407
4.34,5.093156
7.96,6.9923263
8.66,6.8992305
7.42,7.532306
6.8,7.5160427
8.31,7.7676673
7.24,7.2947674
6.68,6.288993
4.89,4.667967
4.55,5.7415233
3.77,4.112941
9.1,8.129583
7.7,8.448923
5.89,5.3428154
7.22,7.481746
5.46,4.246621
4.48,5.1406317
6.08,4.9565887
5.74,6.089176
6.4,7.7191205
6.46,7.0102935
4.18,5.419761
7.49,5.822065
5.24,5.10125
6.44,6.7324157
4.0,5.7262464
5.34,5.3422933
8.64,7.303841
6.36,7.7216005
5.28,6.2074766
6.81,6.8142905
4.65,3.8820932
4.68,5.3442388
7.32,7.052597
5.17,5.9742613
11.7,10.152163
6.35,5.4271264
3.91,4.7773833
3.72,4.2916985
6.66,7.418396
5.52,7.1221533
9.88,10.73977
7.18,7.1773443
6.43,7.2358184
3.32,5.4260497
6.42,6.9576697
6.46,5.971569
4.33,5.4689145
5.72,5.0562096
4.66,7.3714604
5.7,4.8027253
5.88,6.5681186
5.17,6.7397475
5.46,4.8410926
2.16,5.4765854
3.86,4.6117806
4.55,4.6075
9.4,8.22668
4.42,4.8733716
6.22,6.4294043
3.77,5.2846475
7.01,6.3134665
6.39,4.679406
6.74,6.1360035
5.12,5.826633
6.8,7.2228036
6.74,5.868302
5.21,4.7585187
3.73,4.816857
4.8,5.7078996
5.05,7.3916907
7.29,7.830347
7.54,6.3307276
7.0,5.6794496
5.44,6.432803
10.52,8.773353
5.46,4.5715594
10.4,9.932892
7.1,5.7141314
4.99,6.428515
3.85,4.87214
3.32,5.5545683
4.54,5.251156
7.65,7.4488835
3.49,4.986947
7.37,7.2150826
6.41,6.3132777
7.27,6.63339
3.46,4.559889
8.15,8.874865
4.51,4.8649926
5.17,5.413064
4.96,5.8027573
4.35,4.9164042
6.0,5.8917804
7.85,7.3589535
7.72,8.307193
6.89,6.7132363
8.02,6.510115
10.64,9.049337
5.96,6.722484
7.12,6.5841875
6.84,7.19539
4.66,5.186741
4.2,4.665666
4.3,4.2679887
9.7,7.1604304
6.82,5.6029987
4.29,5.992399
4.34,6.756508
9.4,8.660678
8.49,8.8498
5.7,4.952094
7.15,7.020164
5.08,5.2607374
6.33,5.892731
4.62,6.2799206
5.64,4.4249535
3.05,4.75021
7.19,8.1299
6.8,6.150859
7.62,6.2912884
9.04,8.728608
6.52,7.2577186
8.0,5.435884
6.25,6.520013
6.96,7.7576246
5.3,6.2063994
3.57,4.8668365
3.84,4.594396
8.96,6.890591
6.0,6.335543
5.8,6.96259
6.3,6.3839383
3.8,4.107949
3.4,5.066043
7.12,7.3648906
5.3,5.0530834
4.09,4.2029495
5.85,6.7469616
6.42,6.6238933
2.72,4.9213586
3.31,5.945609
5.92,6.93759
5.35,5.8310404
6.52,6.116704
8.0,7.8144636
10.1,8.49805
6.0,4.5853276
4.35,4.4219723
6.41,6.1426644
5.4,5.4068484
7.44,7.18424
8.41,7.8125644
6.34,7.69915
8.0,6.821035
4.82,5.5167837
7.46,5.575031
7.46,6.229292
4.52,3.9384882
3.93,5.604117
4.62,5.841323
4.89,6.567453
2.77,4.858551
6.55,6.47429
4.1,7.4365444
7.45,5.757757
6.89,6.0815096
5.4,5.3470197
8.18,9.257231
7.85,8.78411
8.15,8.074691
8.49,6.490696
8.7,7.383566
8.0,7.273925
7.08,6.8114233
7.17,7.2672043
9.0,7.9712324
7.32,6.543851
6.72,5.4012766
10.1,9.623933
7.82,9.687376
8.47,7.2142878
4.48,6.2319274
8.48,7.910916
8.96,8.220885
7.46,5.5542254
5.74,6.6244392
7.24,7.438389
8.3,7.2368326
6.57,6.5693874
5.44,7.4896607
5.8,5.4415073
7.48,8.546867
7.28,8.292705
10.21,8.649973
6.0,6.4904056
2.0,4.2276387
4.31,5.476038
8.35,7.4221687
3.22,4.4360776
3.77,4.1258183
3.94,5.4114103
3.0,4.4638433
4.6,5.6066136
7.74,6.7365522
5.85,5.664171
6.72,4.928756
3.9,4.111796
7.34,6.8702235
8.1,8.107774
8.22,8.238871
6.08,5.8550134
5.95,6.64944
3.32,5.244041
6.48,6.394627
4.6,6.0031004
7.12,6.4585223
8.57,7.4166408
3.76,5.428618
7.82,8.031938
5.96,6.0646152
6.29,7.2992835
5.54,6.6749907
3.14,6.360251
4.68,5.0385776
8.22,6.7092032
6.37,5.8080435
6.82,4.669974
6.56,6.380853
9.64,8.329902
4.0,4.22058
4.51,5.270337
5.33,6.4655704
3.43,4.95988
2.55,4.7349114
8.85,7.7702546
8.0,6.6977096
7.96,7.11612
4.96,5.1610885
7.89,5.481779
6.35,7.1314907
6.54,6.941473
8.66,8.338295
4.11,5.1975746
7.92,7.390789
8.36,7.386645
10.59,9.121121
4.39,4.7834888
7.12,5.6638093
2.3,4.3943124
4.79,5.079985
8.55,7.556862
7.7,8.579679
7.37,6.003608
7.23,4.884775
9.08,8.302871
8.82,6.729046
9.07,6.7821574
6.59,6.4861536
8.3,6.6609
7.05,5.545947
8.96,6.364279
8.51,8.1702385
7.7,5.7835464
5.52,5.6901684
7.96,7.622693
11.07,8.563033
6.89,6.7952175
8.22,6.729489
5.73,5.4743543
7.49,6.883012
6.65,7.660797
5.22,4.935855
8.34,7.361461
9.05,9.125685
2.55,3.5976532
6.07,7.231829
5.74,6.4345965
5.3,6.417611
10.17,8.050783
11.54,10.299856
5.37,5.8787975
8.4,6.4399185
7.4,5.852043
8.74,8.536856
8.17,7.7805185
5.13,6.2848516
8.6,9.092405
6.06,4.8477945
3.88,5.087379
6.02,7.9097185
8.4,7.6190395
5.87,6.114979
5.66,5.4968786
5.04,4.969761
7.77,7.3603315
4.62,5.3831234
4.3,5.168217
5.54,6.6438613
9.34,9.436088
8.01,7.4116826
3.38,4.3938894
6.32,6.382004
7.04,6.5770245
5.71,6.381841
6.02,5.08367
5.92,5.8651876
8.89,6.8765874
3.33,3.9748354
4.15,4.127117
2.22,4.005906
6.2,5.306487
4.81,6.4244514
3.55,5.4314656
8.4,8.022672
7.63,6.8594413
3.49,4.5059075
7.1,7.194962
3.33,5.6381836
7.13,6.645114
5.85,6.529371
6.01,6.7951155
9.46,6.8416486
8.05,5.9033914
4.09,4.9597545
8.7,8.578006
8.4,7.5982766
4.59,5.793759
7.32,7.5390573
6.21,6.1578937
9.15,7.873565
8.27,8.072714
7.92,7.1987543
5.0,5.577174
11.52,10.25979
10.55,9.192526
5.44,5.574071
2.82,3.3198216
9.05,7.713025
6.48,6.700726
9.82,8.754499
8.16,8.120405
4.3,4.580447
5.2,6.6605
5.38,6.1312647
10.44,9.653163
7.57,5.6671567
7.09,7.7922983
5.06,4.8735075
7.24,6.435394
10.8,9.991474
6.54,7.3122635
7.54,7.031189
8.22,7.2977176
4.29,5.563214
3.57,4.693219
4.82,4.8714075
2.34,5.262935
7.27,7.3856316
5.77,5.0005007
6.44,7.714458
11.68,8.296624
8.62,5.281477
11.0,10.031846
7.95,7.0800414
8.0,7.52164
7.78,6.561082
4.31,6.2810698
4.12,6.068965
5.92,4.507118
8.22,7.1562805
3.03,3.9366448
2.92,4.8058553
8.09,8.035632
4.7,5.850612
6.22,6.445237
8.04,8.264008
7.28,7.7180104
6.11,6.0265555
5.75,6.9758973
6.6,6.988036
3.3,3.7211914
3.22,4.5414677
3.3,3.7505474
8.3,7.378055
8.0,7.6781793
7.07,7.644113
6.02,6.8928914
4.4,5.7305803
5.4,5.228309
8.64,5.4443946
6.17,5.5807385
7.8,7.45368
6.48,5.1268425
8.17,7.8883576
5.68,3.9245372
4.65,6.0315924
7.41,5.5657825
3.0,5.371941
5.8,6.277455
4.32,4.186123
2.16,4.2172236
3.72,4.207416
8.42,8.135128
2.46,3.9846966
6.77,7.2442064
7.14,6.5225573
7.36,7.418859
5.0,7.3259206
4.71,4.989738
8.35,10.087173
6.34,7.4318843
8.17,7.888362
6.47,6.723155
4.3,4.730028
7.19,5.6308465
6.77,6.4411855
10.24,7.7285213
11.82,9.791364
3.85,4.9713383
8.32,6.7728887
5.91,6.1854134
2.15,5.536063
2.92,4.7904005
5.63,6.1785035
5.24,5.789974
5.24,5.8231726
4.03,4.6527205
7.14,7.3439813
7.64,7.05393
8.66,8.024313
7.64,7.495993
5.04,5.0218077
7.46,7.645568
3.04,4.0232277
8.89,7.1307406
3.17,3.743424
5.77,4.9745226
3.86,4.5544453
4.73,7.566625
6.08,5.3686314
8.7,6.9466267
7.26,5.7060223
7.03,6.6678214
7.28,6.9834228
7.52,7.295407
6.6,6.6161594
7.28,7.301164
8.7,7.1497674
8.72,6.269885
6.35,5.8798966
4.77,4.9587007
7.77,6.5079117
8.57,8.412761
6.8,7.234967
7.77,7.619857
6.0,7.2856903
8.22,5.88666
5.11,5.4325624
4.22,4.8414583
8.3,6.835803
7.21,6.135346
4.71,5.7373147
8.48,8.034954
4.28,5.8605266
4.91,6.277121
5.4,6.828706
9.14,7.48326
3.86,4.2118297
5.87,6.4964995
9.0,8.285758
5.85,6.4308176
3.61,3.6089141
3.47,5.2686567
4.07,4.032722
5.7,5.835171
5.52,6.726882
7.99,8.007164
7.78,8.556532
5.79,6.583835
7.72,7.583129
6.7,6.510106
6.16,5.7471485
6.28,6.2936754
3.86,4.6810923
5.85,6.6247163
4.77,4.5129
4.57,6.112005
4.5,5.7579637
8.7,5.2072725
9.7,8.165628
4.49,5.762985
8.97,8.21672
8.28,7.6887126
6.19,5.5558987
5.16,5.051114
4.61,6.0471725
6.41,5.7904634
7.11,7.225771
6.82,8.063883
6.57,6.9564533
6.31,7.534873
6.66,5.911697
7.69,7.204313
7.29,7.9465613
6.72,6.9176006
6.96,6.5083065
6.97,6.2961082
4.34,5.1338887
8.39,9.364094
10.55,9.747615
5.82,4.9465256
5.66,5.915295
3.66,7.324385
8.47,6.104993
5.05,4.056331
5.14,7.195129
9.93,9.05174
9.84,9.8939905
8.14,9.744742
8.72,9.974334
7.48,6.1385717
3.59,5.859045
9.2,9.538789
8.89,8.7133465
6.22,5.943111
6.05,6.8365583
6.62,9.846286
5.92,7.546613
5.67,6.252566
6.4,5.0389514
7.14,7.671287
2.92,5.056524
5.95,5.9090133
5.32,5.613843
3.8,4.937411
9.46,7.7715797
6.04,6.8877892
7.7,7.208886
6.78,7.3164153
8.24,7.9744043
6.06,6.150368
5.87,6.279217
8.61,7.8365445
5.44,5.7470202
8.1,7.581914
7.1,6.990522
8.26,7.7280664
9.3,8.186936
9.35,7.9737763
7.11,5.880501
7.17,5.827592
4.04,5.2551227
4.07,6.7281647
6.51,6.5228977
7.96,6.8553042
6.13,5.311254
4.32,5.363619
4.7,4.301643
4.88,4.766197
8.04,6.8096814
5.3,6.626062
8.28,7.9273453
5.09,5.884087
7.19,7.4617157
7.15,7.5407267
7.8,6.9814568
10.52,8.006488
4.44,5.576559
8.29,7.5396557
5.35,6.0667205
3.62,4.0474396
6.96,4.431688
3.47,5.6638384
4.3,5.7998047
4.6,5.632664
4.04,5.3013315
4.64,5.1298013
7.15,6.8250666
6.32,8.103398
6.79,7.959016
7.32,7.185594
6.07,6.237791
2.23,4.0564036
7.91,8.018648
4.3,3.9116838
9.0,7.139516
3.13,4.542442
7.05,6.3628306
9.89,8.81633
9.08,8.672776
8.42,9.762501
2.89,6.2429237
6.3,7.0680575
3.6,4.560819
7.26,6.6408157
8.0,5.983161
9.0,8.4626465
3.15,4.9469023
8.22,5.7150245
7.15,7.0348325
9.22,7.7588334
8.4,7.70083
7.89,7.65199
5.47,6.3435607
6.85,7.4410987
10.0,6.4744973
4.51,5.075879
5.68,6.5718336
7.7,6.4978733
3.64,4.4763947
6.37,8.097467
8.7,8.160783
5.79,6.4342103
6.55,5.4408083
11.26,9.441024
9.51,8.926973
4.49,4.0026097
5.22,6.3215275
5.15,5.825359
5.7,5.0376234
6.17,6.6752577
7.48,8.458292
6.52,5.868553
3.91,5.5980487
10.39,9.387777
8.92,8.280843
6.1,5.8839574
6.85,5.589233
7.55,7.231677
7.85,6.6438966
5.04,5.191204
5.7,4.716903
8.52,8.098679
5.66,5.79308
3.8,5.5476727
10.05,6.9540668
7.82,7.5762644
5.21,6.543048
6.54,6.328652
5.74,6.749071
4.96,7.66332
5.96,6.8367715
5.76,6.0774856
4.6,4.9134245
5.49,6.5931044
5.4,5.890609
8.57,7.925146
4.15,6.8996525
7.74,7.1612635
7.38,7.0909677
8.0,5.83196
5.92,6.3976955
5.05,6.7807517
8.0,7.291823
6.48,5.303968
3.04,4.3246074
9.27,9.05101
5.37,8.281172
3.01,3.5783575
5.97,6.0127983
6.28,4.9619784
7.8,6.5150867
6.04,6.9651933
5.64,6.7435
6.55,7.6909657
5.11,6.407423
7.02,7.579731
4.34,3.8683827
8.4,10.017755
3.72,5.3375587
6.28,5.5553274
9.32,9.488491
6.89,5.4241886
5.62,4.6953034
8.52,8.14793
2.8,4.3883376
7.82,7.647841
4.7,4.918796
7.96,6.742643
4.74,5.036355
8.26,6.617479
6.1,5.7437954
4.62,6.1785336
7.07,7.09253
7.59,7.5631533
5.01,6.4025083
8.89,9.829292
8.49,7.133661
11.34,8.719883
6.27,7.9226823
6.69,4.92722
8.15,7.142928
8.7,7.5502834
7.55,6.975129
5.54,6.2555194
7.44,6.374336
6.12,6.0782776
8.25,5.968013
7.2,7.1860576
6.59,6.1187396
7.41,6.608815
8.68,9.526443
5.4,6.627136
10.44,9.521466
10.57,8.864439
5.08,7.4050217
8.3,6.2852445
4.69,5.266545
8.09,9.473187
8.48,8.651137
6.92,8.78888
2.7,4.138475
7.1,5.3716507
8.7,7.2753744
4.94,3.5725558
4.89,6.664905
5.42,5.5259824
6.3,6.338347
7.02,7.951006
2.12,4.4347486
6.37,5.8913636
3.9,5.127525
4.29,6.4214506
9.0,8.30507
9.84,9.714981
6.51,6.9501886
6.82,7.1650147
8.34,8.422314
7.66,6.7539043
4.82,4.177427
7.6,6.376587
7.05,7.0567937
3.92,4.752779
5.02,6.8184557
6.08,7.408036
6.92,7.1454606
6.52,5.647936
5.54,5.6216125
6.07,6.317124
7.87,7.1974587
4.9,6.0801954
4.19,4.9742656
9.74,10.814999
6.32,5.6166897
7.1,6.620935
8.9,6.426154
7.96,8.969644
6.84,7.7297134
8.63,7.0588675
4.85,3.3693266
6.64,5.0341268
4.01,5.3883896
10.8,10.337685
5.74,5.699827
10.0,9.720748
5.34,6.839491
7.24,6.3433237
6.6,4.611311
2.28,5.5233946
5.62,5.4346514
6.08,7.5412855
5.58,5.470889
3.4,5.5641427
5.77,4.8320537
9.85,9.109328
8.54,6.1989913
4.22,6.066481
6.22,6.5262074
4.06,4.8975806
7.37,7.687074
7.68,6.947108
7.82,7.3090806
8.48,7.5830736
7.15,4.8127627
5.34,6.180858
8.82,8.974363
6.49,5.4922967
10.7,10.659539
7.24,6.401846
7.57,5.9097433
7.47,8.51862
7.24,5.72823
5.24,3.971594
2.0,3.4214852
6.7,5.957444
6.7,4.6411705
9.54,6.4475904
5.22,4.9836035
3.35,3.9060135
6.12,5.272581
8.38,8.345687
4.13,5.627036
4.65,5.6484704
4.26,6.0433593
9.92,6.686816
9.28,7.1877003
8.14,7.663274
8.96,8.017223
6.21,6.179281
4.16,5.3320265
6.54,5.7827034
11.11,7.6765566
8.4,7.007828
9.13,6.450797
4.15,5.504042
4.55,5.901075
8.6,7.4777784
8.0,6.6849074
3.66,3.8599193
7.0,7.405159
8.09,7.7148113
9.0,8.345474
6.0,4.809839
6.36,6.5948024
6.29,6.2682633
4.11,5.151454
8.55,7.753656
7.04,6.3909683
8.22,7.771829
7.13,7.3022084
7.4,6.2153935
7.44,7.3298354
7.0,6.9261575
8.96,7.1783657
10.7,7.2666636
3.68,4.8150177
6.54,5.830078
7.21,6.917324
4.43,5.6810513
9.64,6.78653
8.91,8.4740925
8.61,8.638388
8.37,8.080603
6.0,6.4142966
6.91,8.026038
4.95,5.4906244
6.4,5.920946
5.39,5.766142
7.46,8.684418
7.7,8.332664
5.91,4.824335
5.21,6.7077184
2.46,3.5207171
7.68,7.282599
4.48,5.0389614
4.97,4.8430195
7.72,7.6381645
6.62,8.103323
5.19,6.719227
10.16,7.067423
5.7,6.43817
5.42,5.767997
6.17,4.733578
5.98,7.388483
3.15,3.9237046
7.89,5.4737415
7.36,7.5007977
9.0,7.477957
8.49,9.3332815
7.89,5.868807
4.74,5.7281885
4.97,6.831147
6.55,6.2945304
3.64,4.8552575
5.62,5.96369
5.86,5.8446183
4.96,5.334791
8.32,5.101765
6.7,7.6228967
8.23,4.701213
2.49,5.112135
3.42,3.9214206
3.0,3.6996095
8.15,7.5650454
6.22,7.529592
7.34,6.743998
8.0,7.1729097
3.3,3.8419843
6.34,6.9131665
6.04,6.941816
5.54,5.363895
7.17,8.310318
2.59,5.6378937
7.7,7.4404597
4.3,3.6088657
4.22,4.701383
4.61,4.7658772
10.78,10.186997
5.31,4.9187074
4.13,4.857038
4.6,4.354613
4.89,6.3125906
8.13,6.5013275
6.3,5.443406
7.46,7.0824437
3.59,4.1037164
2.64,4.4600215
2.64,5.044783
7.51,4.7997284
9.3,7.7493143
7.8,7.300001
5.54,6.119015
7.64,5.738024
7.85,6.3392506
5.94,5.184913
6.94,6.523969
4.87,5.804749
2.81,5.41312
10.33,7.2421594
5.97,4.834922
6.04,6.1868277
6.11,5.7337546
3.46,4.6534095
5.32,6.116378
6.66,5.881188
6.54,6.5866623
9.55,8.496881
9.0,7.3803587
8.03,8.338093
7.63,8.271965
8.52,6.815625
6.4,6.1572104
8.43,8.302167
4.13,5.4719367
10.74,8.4139805
4.57,3.9246962
5.88,4.9064817
4.12,5.2267838
4.43,6.0048
5.72,6.2504654
7.11,5.851253
6.9,5.692375
4.15,5.7353992
8.55,8.209513
3.03,3.8861537
4.68,5.414018
5.48,5.6917353
4.25,5.341348
5.74,6.367915
6.84,6.8521285
9.59,7.128592
3.51,3.7914677
6.49,6.6633296
5.04,5.7140107
7.0,7.133626
4.11,4.999088
7.34,7.764155
11.46,8.770057
9.7,7.789943
8.64,5.0139213
7.0,6.751116
8.96,6.9518704
3.48,4.9059286
10.48,9.114342
6.32,7.032992
3.88,5.360268
8.0,6.518655
8.43,7.9139514
6.82,5.40575
7.85,7.176243
6.0,6.3267817
7.07,7.382639
5.52,6.4721513
7.37,7.4909635
2.97,5.4335723
3.15,5.6760283
4.43,5.383681
4.0,5.145053
4.43,5.4008875
11.2,8.115164
4.89,4.286717
7.07,7.587125
6.4,6.986175
5.05,4.7613177
5.0,4.986571
5.92,5.9717994
7.89,8.110797
7.77,7.1918745
4.79,3.9104116
9.52,7.98674
10.22,7.2497654
11.13,7.8318152
3.39,5.573781
8.87,7.9304404
7.61,5.45889
8.54,7.6973143
5.4,3.8128302
4.63,5.2986317
7.8,7.490057
6.74,7.569149
3.1,4.5043035
8.28,7.8208117
6.51,6.968148
5.44,4.2548976
5.21,4.9207807
4.58,5.661547
6.33,6.146372
5.34,6.1010933
7.17,6.3255577
6.14,5.9666805
4.09,5.7331085
6.35,6.9283643
6.59,7.661376
6.87,5.416548
7.03,6.9703283
9.17,7.0322104
5.0,7.147176
6.23,6.582372
5.94,6.58744
4.86,6.432281
5.0,6.4880686
3.98,3.9750943
4.5,7.180175
6.72,6.2992406
5.28,5.1136875
6.68,5.2757583
5.69,5.064783
5.84,5.1115527
3.68,5.588454
9.52,8.069533
7.82,7.034904
6.65,6.0072923
5.85,5.412827
4.07,6.267231
10.89,9.737045
9.03,9.446925
5.46,7.0617895
7.66,6.7043037
6.57,6.6928368
7.42,7.0822883
5.77,7.5313478
6.88,7.3865757
5.35,5.5336685
7.14,5.8471513
6.38,7.5223513
8.06,7.354359
5.13,7.006372
4.31,4.8027735
4.77,5.9036503
6.72,6.285819
9.77,8.497901
7.41,6.314955
7.76,7.2105813
7.79,6.995735
3.87,4.96294
4.96,7.4690466
6.15,7.16068
8.05,6.999597
5.62,4.834296
9.3,7.986464
6.7,6.1125665
5.79,5.175006
3.43,4.9398875
7.26,6.454645
6.1,5.3733177
3.7,4.01619
6.51,6.68316
7.44,8.163583
8.74,7.9768524
5.38,6.61635
7.32,6.5628176
7.02,6.646527
4.6,6.2625155
4.66,4.7702637
5.66,4.622439
6.46,5.9485054
4.82,5.096153
7.04,6.328544
4.0,6.041226
6.5,7.717167
10.29,9.697753
4.85,4.8724957
6.66,5.4204426
5.7,6.5101852
4.09,4.603465
6.52,4.60933
6.96,6.60904
5.23,6.7331324
8.0,7.040005
5.54,5.848517
9.31,8.612663
9.8,8.670937
9.7,8.110322
4.74,3.9753122
10.3,9.654631
8.25,6.6317124
3.68,4.968019
6.35,5.063694
6.87,6.61631
7.44,7.452825
7.85,7.6892605
7.39,8.2185755
5.89,5.3446364
4.0,5.010973
3.22,4.4303827
6.36,6.732203
6.05,5.4734387
7.61,6.4973345
5.38,4.7978964
6.06,6.421472
5.7,5.678113
8.0,5.5565014
6.37,6.3343863
4.49,4.801246
8.55,8.679024
9.92,8.451633
4.07,5.755127
6.4,4.685255
7.74,6.5515084
3.22,5.248779
7.28,5.994371
3.4,3.5357544
5.4,5.937701
8.74,6.6960735
7.26,9.247024
6.98,6.0884237
10.52,8.151548
6.17,7.091548
4.41,5.20421
6.8,6.879035
2.39,6.256772
5.19,5.9904003
11.05,8.972622
6.85,6.1881466
9.51,9.290862
6.57,5.409346
7.46,5.405665
7.22,5.3252625
8.64,7.5375633
4.96,5.1629796
7.7,5.380884
3.49,3.2721105
4.96,5.4094677
3.55,5.9846053
4.17,4.0583
4.71,5.317438
4.01,5.768577
7.8,6.764183
6.32,5.712595
8.4,8.712579
6.09,6.733468
8.27,5.8095064
6.66,5.5665812
6.96,6.952844
4.85,5.34979
8.52,8.301785
5.92,5.5372896
7.62,7.1448927
6.4,5.669246
9.18,7.9132524
5.34,8.348732
7.15,7.136049
6.15,8.1327305
6.2,6.6244493
4.44,5.7548623
5.92,6.006419
5.66,5.7939887
4.77,5.1659684
6.14,5.7101045
6.03,6.287716
8.62,8.801143
7.66,7.5912766
8.15,7.2246046
6.7,6.998016
4.11,4.2803216
7.44,5.365205
6.68,5.589445
6.57,5.5257373
5.35,4.420606
5.22,3.959935
5.67,7.736
3.03,4.6216707
11.35,10.247346
6.16,6.2791557
5.4,5.4848933
5.55,6.624837
6.65,5.8517613
7.77,7.250999
8.65,8.137035
5.0,7.2872024
6.44,7.2134604
6.59,6.541614
8.15,8.132401
5.3,4.2245555
4.85,6.00472
8.48,8.582505
7.44,6.2724023
3.0,4.009497
2.72,4.4747562
5.68,5.021729
4.15,5.7907667
9.7,7.875859
7.14,7.7330666
6.0,5.9070253
2.96,4.4311347
4.96,6.061912
6.0,5.433669
4.6,5.5388317
3.9,6.0837746
4.95,6.719708
9.27,6.225999
5.07,5.25104
8.7,8.2462845
8.4,8.270787
7.21,7.6847625
6.66,5.1064444
6.54,6.6374445
4.54,6.1286287
2.23,4.181286
6.72,4.705355
4.55,5.4336853
7.0,5.955865
6.1,6.341582
3.96,3.683508
6.9,5.4738426
8.4,8.249098
9.15,7.898208
5.51,6.687595
2.81,4.006794
8.57,7.4858
2.38,6.8943787
5.06,7.431846
7.64,6.4111457
7.7,5.695016
2.96,4.748353
11.22,10.193129
4.1,4.962701
6.72,5.8841667
3.48,5.7501926
6.29,7.3296394
9.05,7.2020726
6.17,5.8298864
8.0,7.898794
5.52,4.496619
2.23,3.570615
6.75,6.1785917
5.0,5.4262276
7.2,7.412914
4.82,5.275451
4.49,4.7182765
6.0,5.6764317
6.72,6.137152
4.61,5.367143
7.6,7.6842422
9.04,8.377912
3.52,4.442911
7.0,7.742996
7.51,7.50028
7.02,7.9325285
7.14,6.6920376
3.37,4.195268
7.74,7.7305884
5.62,6.0566974
6.0,6.040805
9.82,8.849955
9.39,9.056585
9.8,9.135548
10.82,10.595458
6.62,7.23035
5.15,5.6196322
9.74,7.8147335
7.7,4.87842
5.3,6.1534023
4.48,5.38284
7.6,5.4584007
6.58,4.5230083
6.46,6.090336
4.55,4.6911345
6.66,6.041977
5.33,5.2836475
6.31,7.0557637
4.52,4.602034
6.35,5.6932387
7.35,5.863357
9.22,7.394834
8.62,7.9968767
6.49,6.054465
7.05,6.102212
3.61,5.7633166
7.56,8.245374
4.15,5.768439
7.85,6.713937
4.7,5.4551454
7.46,6.8355227
8.6,8.431931
6.7,6.346189
6.47,7.399364
7.7,8.509158
4.62,4.830547
5.54,6.517586
5.3,5.7055774
5.57,4.6275253
7.4,7.462907
9.28,7.766179
4.67,6.2072444
6.66,6.733673
9.26,7.711067
8.0,6.883718
5.2,5.5906243
5.76,6.9184356
4.4,3.496566
3.4,3.6336162
3.8,6.658856
7.19,7.870187
7.74,6.408123
7.03,6.904506
9.57,7.30303
5.86,5.221714
2.68,3.4658945
3.33,4.1776557
7.0,6.073934
7.95,7.6698413
8.62,7.7210064
6.22,5.39238
7.15,5.595231
5.68,7.338501
9.39,6.9103155
5.88,6.2983503
8.11,7.8120217
8.89,7.4187765
7.59,5.4718037
6.75,7.6577144
7.62,7.1044893
6.31,6.0775127
11.74,11.058246
6.52,6.2842
7.52,7.1426806
4.43,4.159091
8.74,7.6746397
7.08,6.096201
7.52,8.069189
2.52,3.8867538
8.2,8.0423155
5.24,6.565938
2.64,4.033212
4.43,4.58211
4.82,6.578696
3.68,4.6282954
5.32,5.0959134
7.16,8.092425
5.48,6.9337697
4.43,4.4607134
6.85,7.0237255
7.96,4.9458566
6.95,7.851286
7.78,7.664338
8.82,6.3863616
7.14,6.311038
2.77,4.663986
5.7,6.0992575
6.54,6.4288306
6.29,4.7682104
5.82,4.9321694
5.04,5.6536317
6.77,6.9187446
7.44,8.578244
10.2,10.302526
6.87,6.014391
6.47,6.2693653
5.67,6.081237
7.55,5.9422035
7.96,7.9351225
8.4,8.3285475
7.43,7.572558
7.38,7.33741
5.26,5.781268
6.73,5.894727
5.79,6.902435
6.18,7.698105
4.32,3.7036347
2.15,4.2423544
7.8,3.9093645
7.07,7.568251
4.43,5.0554385
3.38,4.5020843
7.3,7.114079
6.73,7.415977
7.85,7.280495
8.05,7.3553762
6.54,6.516328
6.96,6.556182
5.82,6.739722
5.05,6.585654
7.89,7.996237
11.26,9.824702
5.74,5.865127
4.94,3.8609064
3.0,5.527234
2.42,4.747268
3.72,5.5105667
8.96,7.940928
3.23,4.624544
4.99,5.86827
6.23,6.898361
9.72,10.178219
6.6,6.3701797
7.07,6.914512
6.94,7.3299046
10.57,9.171106
7.82,7.970844
8.7,8.331897
8.24,7.716772
8.11,8.280965
6.51,7.277225
5.24,6.5662327
7.06,5.9779806
4.68,6.037538
3.13,5.4517083
6.96,5.294318
8.05,7.9599233
6.37,6.693267
4.84,5.5887814
6.46,6.3274264
8.7,7.8091245
6.46,6.612823
3.0,4.2990975
5.0,5.5195346
4.82,5.3499207
3.12,5.2118974
6.85,5.4334235
7.92,8.018739
7.73,7.8716455
6.09,5.068534
5.28,4.7468977
5.66,5.301877
5.55,4.551652
10.32,8.45251
7.73,7.237302
7.6,5.9751062
7.07,5.27487
7.82,7.0335073
6.41,6.043661
4.16,4.8212485
4.66,5.396348
6.74,7.5039988
9.32,9.463624
4.63,4.5203967
8.82,6.7086325
6.59,5.696224
5.34,4.687708
7.38,7.3643656
5.04,5.886054
5.38,5.2909813
7.77,7.0887594
4.27,3.9397957
4.29,4.035609
4.77,6.8774385
4.77,7.103893
5.46,4.849607
6.33,7.7599425
5.08,5.6016426
8.92,8.2001295
8.59,6.510151
7.77,6.403958
10.7,8.307241
6.87,6.178487
6.77,6.6384187
5.77,5.620716
6.38,5.968649
3.66,5.9047184
4.85,5.8587155
5.68,7.6583867
7.47,7.3827987
5.39,4.9316463
6.61,5.812442
7.55,7.111296
8.4,5.363558
4.74,6.8041053
8.47,8.533325
6.55,6.688362
7.62,6.8025923
4.21,4.6906834
6.01,5.9587984
3.8,4.362707
9.2,9.687737
4.4,5.188156
5.55,7.666739
5.62,5.464183
7.03,6.9925447
7.68,6.2956223
3.48,4.436887
6.92,5.9976473
4.95,3.7995427
6.88,6.0320187
5.87,5.8861146
6.78,6.7643104
4.39,6.4380484
8.0,6.87587
7.05,6.4485545
8.29,8.522578
7.68,7.520208
7.84,6.8428993
5.47,6.447774
7.19,6.983633
6.92,6.722032
8.52,6.4022913
6.39,6.107237
4.12,5.027288
5.8,5.738054
3.49,4.662644
8.22,5.8687963
10.51,9.404791
5.89,5.5551324
4.92,6.898623
3.66,4.894894
4.25,5.0777693
5.46,7.0988483
4.61,5.970887
5.89,4.6157084
6.15,6.003466
5.37,7.021118
6.56,7.163016
6.75,5.256438
2.64,4.859231
8.22,7.712431
7.62,7.236163
6.43,7.13144
3.14,5.5034995
8.34,7.810532
5.39,4.9280267
6.71,4.8993444
7.57,7.595612
7.6,4.909218
7.38,6.8430843
10.82,6.828525
7.59,7.539857
5.7,5.937739
4.27,5.710902
7.0,7.449397
6.6,6.872367
7.01,7.000543
7.31,6.197993
5.64,5.3196177
3.95,4.7930303
5.66,6.0323453
7.22,7.1180162
5.9,6.4280853
5.8,6.4147367
5.61,5.7028255
9.68,8.868718
3.05,4.2252536
6.8,5.9416986
5.4,4.432471
8.51,8.111204
3.59,7.2186856
4.81,7.029841
3.7,4.5681653
4.92,5.4330983
6.0,6.1085157
7.77,7.3598995
4.66,4.6475515
5.49,6.5848765
6.44,6.5938654
6.23,6.6791773
5.44,4.569921
5.07,6.6171813
5.92,6.7195616
3.96,5.4456334
4.92,5.2137213
6.7,7.259899
4.71,6.599241
9.15,7.345344
