exp,Hybrid
6.17,3.7942975
5.36,6.479743
4.82,6.952906
2.63,3.5407202
4.54,6.509462
7.12,6.81424
5.28,6.816117
6.59,6.7333856
7.38,8.459141
7.63,6.687649
10.37,7.8244343
4.68,3.9428215
10.3,9.219355
9.09,7.6957207
4.94,4.7498226
8.41,6.196959
6.01,6.7053523
8.92,9.551667
6.7,5.865733
6.7,4.122683
5.59,4.794269
5.4,3.6427934
4.82,5.6553216
6.43,5.2677417
6.82,5.577024
9.7,8.360852
9.0,6.699121
5.55,4.7386627
6.6,5.81206
6.4,5.1952095
6.35,6.532949
2.48,4.006538
4.19,4.679764
9.22,8.783761
9.95,10.991234
10.3,10.018725
8.33,7.4075685
7.7,8.286838
6.59,8.366108
4.48,5.9397683
5.15,3.9428802
9.05,8.635673
8.7,7.48408
2.31,4.1951156
9.52,7.7610974
7.66,7.120206
3.57,5.4721785
7.17,6.5007715
5.19,5.4630704
5.85,6.1376176
6.03,7.0770593
6.77,5.843862
7.7,6.7950497
6.27,4.5109525
3.7,4.2407317
6.66,7.01928
5.24,6.661289
5.85,7.3920608
6.06,6.539569
5.85,6.6182513
4.85,7.888843
8.64,6.6192737
5.19,4.27118
6.46,6.2186456
8.52,6.2518773
3.99,4.1770005
4.0,3.4225698
6.4,4.9913034
5.12,5.6566734
6.89,5.6225314
8.01,6.7786875
8.0,6.8483667
8.8,8.331142
6.3,5.2373314
4.68,6.8578386
8.77,6.7573996
5.47,8.556792
6.0,5.6296186
6.85,5.8755655
7.19,7.370362
3.22,3.8888042
6.7,4.436568
8.85,8.261518
9.52,7.233436
8.7,6.2442966
7.67,8.244125
9.52,6.753326
7.76,5.945629
6.41,6.992904
6.89,5.7908216
8.0,6.3409386
6.43,5.71442
6.14,5.5669236
5.35,5.2026105
9.52,7.2466025
6.54,4.6218667
7.49,6.821378
5.22,5.4038596
5.45,6.7312975
7.33,7.5699363
7.05,8.103892
5.82,6.540735
8.7,7.9191246
6.52,6.260787
9.37,7.5217524
8.11,6.6960373
5.67,6.8005056
6.19,5.110841
7.38,9.23166
6.41,7.0656476
6.37,3.2240808
2.74,4.3381433
8.19,7.5213056
6.15,6.250323
8.7,8.10556
7.3,5.779263
4.6,5.1540337
4.6,4.8509336
8.51,8.683572
7.1,5.9027042
8.77,8.667539
6.63,7.3934975
5.66,6.3395953
8.05,8.011742
6.22,6.279211
7.26,5.1999326
9.15,6.8967175
8.05,6.6221833
6.41,6.016481
5.7,4.081628
6.1,6.818367
7.34,6.912237
8.32,7.4794326
7.89,4.27101
2.92,4.1405253
8.14,8.040648
8.6,7.959558
6.05,7.5369477
4.8,5.35398
8.7,5.955004
3.1,2.9194183
2.0,5.4918265
2.9,5.6622386
6.8,5.745996
7.9,7.1942577
5.0,5.896584
6.34,5.7472343
7.93,7.530127
4.66,5.343662
6.0,5.4441533
8.0,7.6566706
9.41,7.767916
7.72,8.150976
6.96,4.527009
4.28,3.6200993
8.1,7.2539873
2.62,4.0476837
6.29,3.7162676
3.71,4.705267
7.15,7.3970623
6.54,5.656944
5.64,5.9275603
9.52,6.293567
6.67,6.3729596
3.71,3.7145658
7.25,7.9883337
6.78,7.859472
7.77,6.9546537
4.28,5.42049
4.24,4.244035
7.52,7.166002
8.64,7.187132
7.12,3.9899693
10.35,10.455445
8.59,7.3245387
9.15,7.313256
8.08,5.729845
2.96,2.9412603
5.82,5.821185
4.12,5.89338
5.92,5.8225026
7.32,6.080098
7.48,6.811802
8.22,7.6551948
9.1,7.3595943
7.71,7.1212707
9.1,8.650954
5.62,6.017018
5.22,5.260448
7.22,6.869851
9.82,8.226794
7.39,7.1379533
7.84,6.1182094
7.24,6.0254097
7.01,6.9939637
7.55,8.015789
3.45,4.818457
10.72,10.5932
6.05,4.096583
6.09,6.319798
6.05,3.5927036
2.3,2.59968
2.82,4.9857306
4.97,4.5484796
8.77,6.451899
6.37,5.925071
5.6,5.843489
8.36,7.600683
7.4,7.140191
8.19,8.537945
6.8,6.2456794
6.85,5.877775
8.49,9.275176
8.64,6.90613
8.37,7.985881
10.23,9.433406
6.87,6.0786824
7.1,7.5812664
7.31,5.8367167
5.2,3.1407094
8.07,6.4901657
9.04,9.778719
4.4,5.615381
3.87,4.040542
7.35,6.6721168
2.87,4.242206
7.72,6.697292
8.38,8.490145
4.62,3.9477828
4.78,4.6222363
3.66,3.8081694
3.89,4.5278187
5.99,5.6497498
7.24,7.083565
7.3,6.124979
3.6,3.3809102
2.68,3.2093625
2.89,3.0847292
9.01,8.231994
4.6,4.3999248
6.88,7.006822
6.99,7.50838
5.72,6.946132
3.6,4.587745
6.68,7.424148
6.31,6.78495
7.68,5.849223
8.46,7.6310253
7.06,7.2925315
6.29,4.960915
7.12,5.1829247
10.32,10.761605
11.52,10.710075
8.27,6.814832
2.96,3.4747388
6.3,5.7749505
5.82,5.0141044
2.92,2.8553317
8.6,8.051027
4.42,5.3453646
5.52,3.5196965
8.7,5.934962
6.4,6.163421
5.05,5.4181037
6.68,6.743109
9.7,7.917803
3.66,4.082161
7.24,6.9934983
5.77,6.1664834
2.3,2.7605627
8.32,7.1480107
4.46,5.363915
3.96,5.648887
6.12,5.1744165
8.7,7.3208175
6.96,6.445439
9.05,7.2662954
6.72,8.662574
2.98,4.473158
4.15,4.1395655
4.14,4.909203
4.33,5.8229756
4.85,5.9701514
6.06,4.6258464
4.16,5.2225738
6.12,7.4358635
6.11,7.1974998
3.85,6.244733
3.0,4.735278
3.25,3.7265964
3.23,3.6887653
5.74,5.908897
7.6,7.861082
6.7,6.748422
8.19,9.201186
9.59,8.262218
9.44,9.47374
6.4,4.3059363
5.47,2.8666384
7.39,7.564061
5.97,6.221971
8.52,7.104777
4.4,6.465812
6.71,7.041429
3.57,4.3847127
3.77,5.1942916
6.28,4.450996
7.54,5.427609
6.82,5.339752
6.27,6.810968
5.82,6.2095904
6.1,6.1288676
6.29,6.294383
8.24,7.8564005
7.77,7.30548
9.22,7.3179736
4.69,6.391264
2.48,4.791032
11.24,9.227112
4.32,4.970056
6.2,4.1596513
5.41,3.9438007
4.0,3.5885208
8.21,6.216449
8.72,8.216849
2.35,3.675491
9.76,9.490379
4.43,3.4819226
6.46,5.042808
7.1,5.3408456
6.5,6.4456763
6.38,6.9529023
5.05,7.597444
5.82,5.5154114
9.68,10.019648
8.64,7.0868144
8.19,8.16265
8.19,5.9860764
5.59,4.7364106
7.19,6.716179
8.22,7.808081
9.15,7.861977
7.17,5.5419235
7.38,7.5602474
6.54,7.673457
3.2,3.1660569
6.66,5.8298063
5.82,5.831263
6.06,5.8499556
6.36,6.4841647
7.24,7.4899087
5.7,7.229225
5.84,4.2314377
10.21,6.5100403
8.8,8.036792
9.01,7.860997
7.85,6.284331
7.66,6.7464595
9.0,6.7231903
6.21,6.4425225
7.03,6.859223
4.54,3.808198
10.18,9.498046
8.2,7.306208
4.43,4.368916
8.43,6.318102
5.12,4.2899384
2.16,3.7374487
5.09,5.865069
2.8,3.5313132
6.45,6.917261
6.05,6.350652
6.7,7.1759043
7.19,7.041585
4.71,4.4387884
4.72,6.3974133
8.1,8.313664
7.28,6.86
4.89,6.310033
4.96,5.5656877
7.57,5.4812903
9.74,8.270816
4.43,4.954175
7.66,8.219613
7.05,6.6836987
3.6,4.051533
6.24,5.077408
3.66,5.666914
7.46,7.723712
4.21,6.7689667
7.52,6.7469482
7.59,7.7890944
6.52,6.191895
6.66,8.480555
6.72,5.9715157
7.47,5.6056952
3.87,3.819707
4.55,3.9223137
6.67,7.6413198
3.61,4.2470593
3.63,4.520333
4.07,4.7922454
7.0,8.393552
7.53,6.9336777
5.41,5.290822
7.37,7.351191
8.7,7.0538287
8.6,7.5940533
7.12,6.4364834
6.37,6.886984
6.49,7.736629
4.52,5.5685534
4.02,5.1294646
8.77,7.7460556
7.24,6.9512315
8.05,7.752278
6.29,6.369696
7.38,6.456866
5.21,6.5329323
7.55,5.711164
8.19,9.236838
8.85,9.45333
6.11,6.0246744
6.47,6.4225874
8.24,7.5787096
4.49,2.8120372
8.09,7.5238404
5.82,4.907101
3.9,3.5682917
10.92,10.635085
3.13,3.8626902
6.92,7.5766125
5.08,5.000219
4.82,4.89039
8.74,5.5899653
8.12,9.669271
8.89,6.183161
6.98,7.1224456
5.93,6.6367555
7.43,6.4003057
4.74,4.184279
5.96,5.7799606
10.65,8.92377
7.77,7.4939046
4.71,6.6883273
5.05,5.2408442
6.0,6.448453
7.89,7.5128446
7.24,7.6177964
4.33,5.61726
6.54,5.792591
4.85,4.336912
5.39,4.985954
4.7,4.742788
4.26,5.525669
8.01,7.2204504
5.32,4.63407
6.44,6.783941
3.92,6.5705457
4.89,6.456854
4.53,5.3498693
6.41,5.281642
6.4,5.0124574
5.62,6.3446364
4.89,4.8245554
5.07,4.776196
5.39,6.922369
3.62,4.486208
11.29,8.189175
9.68,9.015874
4.57,5.2213407
7.8,6.760177
7.7,7.9746003
10.74,9.381206
4.38,5.06613
8.92,7.8365445
5.16,5.31259
9.85,10.0173025
5.01,5.655151
3.32,3.7189837
4.44,5.5025544
8.6,10.031089
5.3,4.5068326
6.92,6.0165677
6.72,6.497151
4.74,4.642165
6.37,6.2101436
6.16,6.13414
3.33,3.5696476
9.77,8.256674
5.7,6.6867595
4.09,4.430982
6.52,4.1213307
6.96,6.885797
5.23,6.943104
8.0,7.0085735
5.54,5.372807
9.31,9.083314
9.8,8.841872
9.7,8.3643465
4.74,3.4641006
10.3,10.32364
8.25,6.60789
3.68,5.0301495
6.35,5.258877
6.87,5.7814865
7.44,7.181144
7.85,7.991381
7.39,8.900283
5.89,5.404277
4.0,4.6851845
3.22,4.3047657
6.36,6.660449
6.05,5.24036
7.61,6.7710686
5.38,4.8135505
6.06,5.9455705
5.7,6.2244067
8.0,5.8344707
6.37,6.107083
4.49,4.753377
8.55,8.535727
9.92,8.923398
4.07,5.5306544
6.4,4.760918
7.74,6.6348534
3.22,5.562819
7.28,5.996633
3.4,3.3335319
5.4,5.5223036
8.74,6.680412
7.26,9.572599
6.98,6.340193
10.52,8.324999
6.17,7.271772
4.41,5.1407933
6.8,7.0646315
2.39,5.2914095
5.19,5.9480023
11.05,9.823052
6.85,6.617818
9.51,9.744535
6.57,4.887681
7.46,4.892687
7.22,4.5910115
8.64,7.6423044
4.96,5.270263
7.7,5.4869685
3.49,2.7015853
4.96,4.939568
3.55,5.3562794
4.17,3.9587383
4.71,5.165217
4.01,5.5166173
7.8,6.6866727
6.32,5.8940616
8.4,8.683172
6.09,6.2998548
8.27,5.7612047
6.66,5.809367
6.96,6.6111574
4.85,5.333036
8.52,8.562638
5.92,5.2788677
7.62,7.506751
6.4,5.0631633
9.18,8.248657
5.34,8.777088
7.15,7.276446
6.15,8.578106
6.2,7.1272354
4.44,5.5751324
5.92,6.056534
5.66,5.464919
4.77,5.204178
6.14,5.7245865
6.03,5.8896637
8.62,9.003378
7.66,8.083225
8.15,6.7138667
6.7,6.8687143
4.11,3.791373
7.44,5.418293
6.68,5.7604566
6.57,5.7298717
5.35,3.8386033
5.22,3.146505
5.67,7.9275365
3.03,3.5214705
11.35,10.633802
6.16,6.37252
5.4,5.4776063
5.55,5.2762237
6.65,6.0650935
7.77,7.299983
8.65,8.302594
5.0,7.790088
6.44,7.825532
6.59,6.5387206
8.15,8.187967
5.3,4.276943
4.85,5.5566053
8.48,8.842093
7.44,6.401417
3.0,3.856046
2.72,4.119814
5.68,4.5488796
4.15,4.9893737
9.7,8.147222
7.14,7.514068
6.0,6.047812
2.96,3.370872
4.96,5.6816926
6.0,5.4368825
4.6,5.6000814
3.9,5.7983704
4.95,6.584073
9.27,6.3392863
5.07,5.2334
8.7,8.59092
8.4,8.7048025
7.21,7.9823194
6.66,4.0352364
6.54,6.742415
4.54,5.8291683
2.23,4.105275
6.72,4.4893985
4.55,5.0391846
7.0,5.659536
6.1,6.168111
3.96,3.4135797
6.9,4.46496
8.4,8.880865
9.15,7.74984
5.51,6.9176226
2.81,3.9331312
8.57,7.7070518
2.38,5.396175
5.06,7.6487045
7.64,6.6703324
7.7,5.9343476
2.96,4.629125
11.22,10.63653
4.1,4.7771697
6.72,6.1024213
3.48,5.8133006
6.29,7.5438886
9.05,6.8449063
6.17,5.9299746
8.0,7.832772
5.52,4.249382
2.23,3.380718
6.75,6.449768
5.0,5.5025926
7.2,7.7245526
4.82,5.0615544
4.49,4.4214582
6.0,5.779012
6.72,6.537364
4.61,4.868493
7.6,7.9640527
9.04,8.4827175
3.52,3.6950579
7.0,8.126716
7.51,7.853298
7.02,8.3110075
7.14,6.6014886
3.37,4.051125
7.74,7.926532
5.62,6.099109
6.0,5.555991
9.82,9.136954
9.39,9.150981
9.8,8.914019
10.82,10.697906
6.62,7.6072927
5.15,5.5175586
9.74,8.751837
7.7,4.729994
5.3,5.3067865
4.48,5.1744766
7.6,5.408581
6.58,4.2097583
6.46,6.1989045
4.55,4.544269
6.66,6.093655
5.33,5.494859
6.31,7.1098237
4.52,4.7231307
6.35,5.7101936
7.35,5.94212
9.22,7.9877234
8.62,8.29836
6.49,6.3551254
7.05,6.24388
3.61,6.070118
7.56,7.714144
4.15,5.182114
7.85,6.9221263
4.7,5.411619
7.46,6.591521
8.6,8.949832
6.7,6.510664
6.47,6.9744945
7.7,8.922327
4.62,4.8851995
5.54,6.9940896
5.3,5.7506585
5.57,4.709852
7.4,7.9397635
9.28,8.305307
4.67,5.909652
6.66,6.4403596
9.26,8.368452
8.0,7.02
5.2,5.3200088
5.76,7.1257944
4.4,3.277583
3.4,3.2396584
3.8,5.1477323
7.19,8.265702
7.74,6.8507934
7.03,7.300029
9.57,7.5829725
5.86,4.9684057
2.68,2.7723668
3.33,3.4006236
7.0,5.7189584
7.95,7.7738695
8.62,8.008635
6.22,5.7777257
7.15,5.549107
5.68,7.022387
9.39,6.8625536
5.88,6.6019707
8.11,8.14865
8.89,7.9941607
7.59,5.5611906
6.75,7.227084
7.62,7.68054
6.31,5.7631116
11.74,11.611644
6.52,6.1424146
7.52,6.805884
4.43,3.5780864
8.74,8.045131
7.08,6.5454383
7.52,8.317112
2.52,3.4443395
8.2,8.38017
5.24,6.8510523
2.64,3.5831652
4.43,4.3177176
4.82,6.2176013
3.68,4.7898517
5.32,5.2366505
7.16,8.1314
5.48,7.1890717
4.43,4.423112
6.85,6.7648582
7.96,4.6925807
6.95,7.879535
7.78,7.9322686
8.82,6.540703
7.14,6.6218224
2.77,4.49212
5.7,6.4721217
6.54,6.6164103
6.29,4.842871
5.82,5.00448
5.04,5.17418
6.77,7.0856137
7.44,8.725351
10.2,10.334297
6.87,6.2761908
6.47,6.0588183
5.67,6.1074862
7.55,6.3842077
7.96,8.458756
8.4,8.859194
7.43,7.7283635
7.38,7.4388375
5.26,5.030575
6.73,6.362324
5.79,7.018439
6.18,8.096855
4.32,3.5699193
2.15,3.810315
7.8,3.8198342
7.07,7.8061576
4.43,4.657606
3.38,3.9797614
7.3,7.5701704
6.73,7.7231374
7.85,7.057422
8.05,7.1290593
6.54,6.3556957
6.96,7.187782
5.82,5.3588
5.05,5.5683794
7.89,8.152508
11.26,10.308338
5.74,5.973982
4.94,3.2363195
3.0,5.6047654
2.42,3.7930372
3.72,4.8128467
8.96,8.244348
3.23,4.645709
4.99,5.5733347
6.23,6.9378486
9.72,10.723199
6.6,6.879764
7.07,6.9452724
6.94,7.6018057
10.57,9.27949
7.82,8.182535
8.7,8.75846
8.24,8.041944
8.11,8.613638
6.51,7.226319
5.24,6.4042425
7.06,5.9870768
4.68,5.5585375
3.13,5.39304
6.96,5.393662
8.05,8.645167
6.37,7.0669255
4.84,5.7796097
6.46,6.515322
8.7,7.881266
6.46,6.13313
3.0,4.467803
5.0,5.3266096
4.82,5.095151
3.12,4.643525
6.85,4.98419
7.92,7.5403724
7.73,7.8892517
6.09,5.259821
5.28,4.110262
5.66,5.4814043
5.55,4.46588
10.32,8.885233
7.73,7.414234
7.6,5.1556087
7.07,4.9260583
7.82,7.1835556
6.41,6.367349
4.16,4.450068
4.66,5.513332
6.74,7.548496
9.32,8.688688
4.63,4.3183837
8.82,6.26781
6.59,5.950286
5.34,4.855365
7.38,7.6878295
5.04,5.1787047
5.38,4.3581157
7.77,6.719822
4.27,3.5847666
4.29,3.4804137
4.77,6.984528
4.77,6.802584
5.46,4.835143
6.33,8.425778
5.08,5.6692805
8.92,8.438937
8.59,6.1969504
7.77,6.914215
10.7,8.5857935
6.87,6.5490403
6.77,6.5927114
5.77,5.506279
6.38,6.047462
3.66,5.602423
4.85,5.4145303
5.68,7.635563
7.47,7.3022065
5.39,4.8122053
6.61,6.301441
7.55,6.574212
8.4,5.493617
4.74,6.8636127
8.47,8.840158
6.55,6.8663096
7.62,7.076093
4.21,4.1115355
6.01,6.1688724
3.8,4.4021206
9.2,9.45133
4.4,5.2305827
5.55,7.339136
5.62,5.8673368
7.03,7.099322
7.68,6.4497824
3.48,4.2677817
6.92,5.7880573
4.95,3.7381027
6.88,6.0762897
5.87,5.9227357
6.78,7.1118655
4.39,5.9068117
8.0,7.0283256
7.05,6.0585613
8.29,8.956304
7.68,7.317824
7.84,7.1817374
5.47,6.085646
7.19,6.736797
6.92,6.43483
8.52,6.543446
6.39,6.3027086
4.12,4.9428434
5.8,4.462236
3.49,4.1928616
8.22,4.591311
10.51,9.382383
5.89,5.207357
4.92,6.591095
3.66,5.1272354
4.25,5.2749295
5.46,7.298937
4.61,5.554345
5.89,4.613011
6.15,6.194488
5.37,7.12586
6.56,6.814517
6.75,5.440025
2.64,4.7766066
8.22,8.101377
7.62,7.180835
6.43,6.267484
3.14,4.8046184
8.34,8.191968
5.39,5.015629
6.71,5.05862
7.57,7.735124
7.6,5.120634
7.38,7.2050123
10.82,7.3274374
7.59,7.547429
5.7,6.324252
4.27,5.6399117
7.0,7.697481
6.6,7.0373898
7.01,6.9601135
7.31,6.424464
5.64,5.2126245
3.95,4.8776164
5.66,5.87952
7.22,7.2695794
5.9,5.6390204
5.8,4.830911
5.61,5.643484
9.68,9.45208
3.05,3.5002205
6.8,5.5991063
5.4,4.492938
8.51,8.441865
3.59,6.436364
4.81,6.631189
3.7,4.561153
4.92,5.467468
6.0,6.336093
7.77,7.791505
4.66,4.4694896
5.49,6.5059466
6.44,6.0871396
6.23,6.3098593
5.44,3.5498235
5.07,6.705553
5.92,6.3679395
3.96,5.125668
4.92,4.996506
6.7,7.3999467
4.71,6.6945624
9.15,7.5772557
6.62,5.6015563
6.28,5.6251574
3.87,7.275814
5.46,6.6572747
7.85,7.3268795
7.7,7.5263987
7.52,5.3560395
4.59,7.24629
7.64,7.389015
4.1,4.257983
4.85,4.5812855
6.55,7.3869247
10.66,9.729557
6.49,4.72452
6.54,5.791357
11.8,6.849884
4.36,5.4002705
4.92,6.04055
4.85,4.898268
4.96,4.8108883
8.52,8.399132
5.93,6.8869247
10.55,10.351656
6.11,8.002018
8.14,9.87332
4.2,5.6732626
4.8,5.1622677
5.82,5.204709
9.22,8.7470875
7.19,4.6359663
10.92,10.311007
10.82,8.321984
8.66,8.810728
8.41,8.609119
8.7,7.297558
6.9,6.818349
7.4,6.0066204
6.82,7.181115
9.0,8.179706
3.8,4.2373824
5.94,6.4131775
6.22,6.4566116
7.85,8.135094
7.74,7.5064893
4.25,4.84066
7.6,7.5850744
5.09,6.0248165
9.4,9.252705
3.46,6.812067
10.48,9.8933115
8.89,9.01256
8.89,7.8944464
7.82,7.6036615
8.89,7.7629743
6.09,7.260359
7.7,5.3914375
4.79,3.7534454
6.96,7.2001276
8.7,6.840107
5.46,6.378236
5.12,6.228799
7.44,6.997699
5.39,5.449995
4.21,3.5572016
7.35,6.879858
5.4,5.3202753
10.25,10.560356
7.7,4.745617
8.74,9.109952
5.3,6.138278
4.54,5.4757357
7.55,5.864728
3.3,4.9652724
5.85,4.7557364
4.6,4.2623115
2.47,4.19059
5.98,6.039831
5.1,5.981263
5.9,7.342267
4.3,5.0033717
6.85,5.4625444
9.0,6.1373982
5.14,6.297268
6.55,5.850104
5.89,4.743185
4.52,6.2886195
5.74,5.792448
5.22,6.485547
7.4,7.099715
7.68,6.469286
7.57,8.313001
6.82,6.6894817
7.43,8.2883835
4.24,3.2775512
5.25,6.4144793
7.05,8.009059
3.7,5.5670805
8.55,8.269682
7.09,6.4581757
4.66,4.8622346
4.7,5.5772038
4.41,5.5636244
6.92,6.5560756
6.59,6.2247944
4.36,4.5611296
5.49,4.9936037
4.39,4.689575
7.64,7.0182357
7.3,7.335701
11.72,11.17094
6.62,5.709838
7.82,6.7799597
4.23,5.1046457
6.52,7.7203197
10.46,8.892962
9.22,10.173668
5.0,6.757106
7.62,8.590237
10.7,9.567455
4.82,5.9075756
11.3,9.1328945
5.23,6.288082
8.52,7.4757433
9.07,9.343105
5.72,6.561166
7.3,9.205704
9.15,8.319181
6.0,5.8713255
6.82,5.1479616
8.3,6.449806
3.9,5.8629823
5.3,4.6192017
9.92,5.734906
8.0,6.2545595
8.52,7.038578
4.28,3.6911607
4.98,4.2622647
4.43,5.576829
4.0,4.761668
4.52,5.107134
3.74,7.242321
6.74,8.045933
5.77,4.75261
8.12,7.7033873
4.08,4.726427
6.4,5.942443
6.41,6.2845
6.25,6.1124163
6.74,6.170704
10.6,7.0644445
10.49,8.54659
4.54,5.268136
7.7,7.4724936
7.55,7.289199
2.7,3.3696046
7.85,6.540593
7.84,7.8910093
7.02,8.019371
6.47,6.4027233
7.77,10.200169
8.7,8.581683
7.64,6.5429106
8.31,7.9858313
6.74,4.997551
4.55,3.8345366
7.37,7.160443
9.68,8.530348
7.0,6.1081944
8.89,9.2545595
5.66,7.085353
7.34,6.407244
7.68,7.5675745
7.4,7.5560284
3.1,4.4109635
3.57,5.2039456
9.72,7.3764935
6.48,5.5152655
2.51,4.09177
8.3,7.0566177
6.48,5.307307
5.82,5.7011094
4.49,6.0371275
5.49,4.089677
4.59,4.8608146
5.99,7.0201635
8.7,7.9112945
5.49,5.463522
7.61,7.2984705
3.42,5.2034235
3.68,5.6956987
5.22,6.209979
7.6,7.2907896
4.54,6.57127
5.11,4.533285
8.92,7.0809917
7.22,5.098355
9.28,9.8836355
8.46,9.169563
7.0,8.01819
5.51,6.1993523
5.7,5.3173294
6.4,5.92639
8.18,7.047979
9.8,8.249075
7.3,8.224879
5.26,7.1295223
5.92,6.5242834
7.19,5.8172026
6.57,6.5489416
8.72,8.883093
9.76,7.553056
6.96,6.148287
7.57,8.144304
3.72,6.028652
9.43,5.846525
2.3,5.468487
7.07,7.497924
7.55,7.76121
7.21,7.228936
6.47,7.288865
8.0,7.789501
6.68,6.997035
9.08,7.832952
4.5,5.4539547
3.04,5.4045315
6.59,6.4211206
6.7,6.1746736
6.3,6.3184276
6.97,7.614456
5.08,4.2454762
8.52,6.320377
6.19,6.948992
4.59,4.995681
4.62,3.9097602
7.85,6.1550255
4.41,5.626143
5.55,4.1968904
8.96,8.183681
4.84,5.9556255
5.48,5.9270267
2.19,3.4693832
5.89,6.220966
9.1,7.0054226
8.29,7.095261
3.82,5.655119
5.59,6.135476
6.74,7.376837
2.97,5.28722
3.32,3.651797
3.57,4.1209545
9.3,7.358655
2.1,3.906159
4.49,4.5323687
5.85,6.1817603
5.68,5.8993845
7.23,6.889976
6.52,6.363076
5.72,6.235155
7.29,5.9576015
4.4,5.7725573
2.49,4.052968
8.0,7.3768787
5.39,4.604271
7.49,5.805793
7.0,7.0248575
4.09,5.221904
3.01,3.1264665
4.51,5.384985
8.6,8.332008
7.66,7.1062784
7.05,8.262144
6.6,6.639512
4.63,5.2129946
7.74,7.82486
3.97,5.682414
4.87,5.1371
8.14,7.5379267
4.7,7.178295
6.4,8.1973715
5.15,4.773717
3.3,4.087077
6.7,6.5192866
7.4,6.633484
7.4,7.759052
6.2,7.5484986
3.48,3.6430693
7.15,6.7494073
5.48,6.1020823
7.13,6.705492
5.92,6.898716
4.74,6.062964
6.1,6.4906483
3.04,3.1408257
5.22,6.72742
4.7,5.2766075
5.21,5.742822
6.62,6.7859254
6.29,5.2374077
2.74,3.999495
8.52,7.289108
4.67,4.831938
7.31,4.9010167
7.22,7.0709805
6.3,5.875942
5.05,4.815633
4.57,4.9645133
4.41,5.360576
8.1,7.5054884
6.54,6.8179903
6.76,7.318944
5.7,6.0127163
4.87,5.6592693
5.85,4.7592287
7.43,5.428358
7.32,8.353598
3.24,3.818025
2.0,4.0328436
2.0,4.700209
4.26,5.4687204
4.98,5.9149804
4.52,3.8907123
2.06,3.027271
2.6,4.61181
7.6,6.909707
5.49,6.4457283
7.41,5.9793425
7.14,7.0360413
9.27,9.086775
2.17,3.6959095
6.21,6.6733546
4.68,5.729334
7.99,5.0790806
7.86,7.6744823
8.7,6.753511
5.6,7.496866
5.95,6.6020684
7.24,6.4538274
10.71,8.030482
4.44,5.5010166
4.55,5.753437
5.51,4.922939
6.91,6.5052195
4.24,4.7339134
8.32,9.240826
5.13,6.2013273
4.44,5.1129766
8.38,4.4803905
8.43,7.550248
5.53,6.484171
6.86,6.7390685
4.64,5.4438543
3.08,6.487787
7.85,7.4031596
2.76,5.230401
4.3,4.8246927
5.3,5.4432015
6.11,5.9621606
7.46,7.6169157
3.15,3.308958
4.11,4.8673496
3.67,4.0596576
3.17,4.2526283
2.72,5.9223757
5.89,6.4549274
5.32,6.130597
8.4,8.735235
4.05,5.7329865
6.46,7.1544237
6.28,7.886346
4.8,6.3523684
6.47,6.23493
8.26,8.687687
6.51,6.34456
4.1,5.2943583
9.15,9.081683
7.08,7.315161
4.89,4.648896
6.6,7.1672716
7.7,6.1890955
10.17,8.147438
4.76,3.893952
5.4,5.82088
6.34,6.475993
9.05,5.7155514
8.19,7.215639
7.07,5.9715614
8.48,8.452269
5.03,4.5425463
8.7,7.605191
5.51,5.402452
6.56,4.5812125
6.26,5.476875
4.06,5.358143
2.74,3.3981109
2.78,4.2077794
3.43,3.7965045
4.2,5.1680946
4.48,5.0674624
8.92,9.142979
7.19,7.723117
5.96,5.980982
5.25,4.461079
5.11,6.3288703
5.07,5.1228538
7.36,6.8845034
7.1,7.8198366
8.15,6.5934725
6.21,7.5018225
7.85,7.250409
7.09,6.550711
7.68,7.619342
6.6,6.1734376
6.74,7.0850425
7.52,7.7606688
5.04,5.1536336
5.15,5.916231
8.79,8.299641
7.7,7.220415
6.84,5.8489256
4.47,4.8151436
6.61,5.4515533
5.48,4.909232
5.51,6.608933
8.12,10.220602
4.1,5.7517076
10.59,10.303169
6.92,6.942066
4.55,5.3525953
5.8,6.2487264
7.31,8.047888
3.44,6.201715
7.48,8.339582
6.26,8.331891
6.59,6.7251544
3.07,4.736558
7.51,6.6245728
7.01,9.087498
6.61,6.237028
3.77,5.7595053
8.38,7.9292097
3.69,3.3808012
6.22,6.5489283
6.87,7.909136
8.59,8.532423
6.24,4.500209
8.55,7.3598056
7.68,3.307127
6.04,5.946554
8.98,9.011284
3.29,4.831547
4.31,4.8993893
4.1,5.5590634
5.04,4.892105
4.86,4.902856
5.76,7.5860405
5.98,5.6775007
4.98,6.501313
4.69,5.2283554
5.74,7.1964207
2.82,4.9103584
5.16,5.9605765
3.37,4.837863
5.56,4.5422134
5.81,5.622761
4.6,3.623021
5.12,7.1081824
5.7,5.830884
7.17,7.606347
4.96,5.458295
7.36,7.257021
6.49,6.675889
5.71,7.109462
7.74,8.603998
8.31,7.260468
5.68,6.508317
5.28,5.1747446
6.17,7.8238163
3.12,3.5473585
4.7,5.4368677
3.98,4.195616
5.1,6.421374
3.19,7.450696
8.64,7.6399693
5.46,5.798789
10.21,9.747158
10.0,9.485007
7.72,7.067048
10.72,9.663841
3.54,3.895525
6.0,3.8649328
3.72,2.7666976
4.54,5.225883
3.9,4.6477113
6.21,7.051265
6.01,6.6357946
6.6,5.2046967
5.22,5.755536
9.96,9.858852
6.96,6.6205797
4.7,5.5665183
4.2,4.37148
6.0,4.6535664
7.72,6.832584
7.37,7.292325
4.52,8.329486
10.0,8.4635725
6.17,7.0780993
5.96,8.442926
3.3,3.8060486
5.05,4.800473
8.1,7.09205
2.26,4.490062
5.1,5.677105
9.05,7.631137
6.0,6.984185
3.4,5.3259764
5.24,5.4630184
9.96,7.185592
8.1,7.3102684
8.25,8.423387
8.8,8.794064
7.19,4.9611225
3.72,4.8521643
4.04,4.4437804
5.31,6.829925
6.55,6.367428
9.22,8.777548
9.42,8.209566
5.03,6.3836184
3.31,4.2995806
8.52,7.945856
9.57,8.542765
7.48,8.701734
7.41,5.6013813
5.92,6.076247
8.7,7.337499
5.77,5.9086494
4.95,6.1268187
5.52,4.1554375
5.92,7.3857565
7.52,7.7550144
4.0,3.669984
4.27,5.435163
7.7,9.459944
5.59,4.8488827
7.74,8.539435
5.55,4.103324
6.92,5.681506
4.49,5.596953
8.7,8.424789
6.77,5.460298
6.03,7.4902554
6.2,5.65113
9.4,6.9636087
5.92,6.296032
3.92,5.518248
9.82,5.3356066
6.77,6.87421
11.85,8.410094
7.68,6.963215
9.13,7.9646688
6.95,7.6520452
5.15,6.430195
7.35,7.1962748
6.15,4.704108
6.74,5.7741866
8.05,6.671595
5.26,4.4249654
8.15,9.129408
5.1,7.42977
6.34,6.3496447
11.06,4.197548
2.21,3.9886634
7.77,7.7992435
9.28,8.870398
7.05,7.2346096
5.55,4.700123
4.35,4.2651963
7.52,8.157277
8.77,9.982688
4.77,4.386676
5.7,5.1761894
4.61,4.4765058
8.05,8.764435
5.89,5.9830217
4.0,5.058631
5.4,6.6902757
5.07,5.1759715
7.25,6.3049726
7.28,7.0761404
5.02,6.7079697
7.7,6.622901
9.35,6.533723
6.62,4.780733
2.92,4.6653194
3.7,3.3724248
3.6,5.327204
7.85,7.588004
5.7,7.221247
5.39,5.659193
7.22,9.688876
7.7,5.2410703
7.39,6.1041975
4.7,5.775715
7.4,5.5565863
11.2,10.791444
11.59,11.542536
7.8,6.269103
7.82,8.1605425
5.96,5.6201773
5.4,6.275277
7.92,6.7338467
9.4,9.829213
6.76,8.20845
9.51,8.594056
7.62,8.284772
7.82,5.827772
7.14,6.2809887
6.82,8.558109
4.6,5.8377924
4.03,4.9472
7.77,7.4289103
8.52,7.922312
3.51,4.747342
5.47,6.919401
7.33,7.3582077
3.42,4.7353063
6.81,7.575589
9.09,7.68492
8.0,7.7344427
9.09,8.685655
6.08,5.979056
5.44,6.5098324
4.02,4.3779325
7.0,4.2512016
5.22,4.846354
3.85,5.824731
3.68,5.7728395
3.6,5.033949
10.7,10.101448
7.55,7.334072
7.18,7.3585625
9.96,7.1659994
3.43,5.293543
8.89,7.94658
8.05,7.74446
5.09,6.270058
8.48,7.2914686
9.3,8.140993
7.28,6.500703
3.3,4.6597548
7.74,6.296521
4.38,3.919327
7.62,7.025423
6.17,6.883978
5.73,6.0214767
3.66,4.485135
3.11,4.2328234
7.29,7.505028
7.57,7.327145
4.15,5.9335036
3.28,6.6520705
4.42,4.2949295
5.6,8.148115
4.92,5.800256
5.89,6.71166
10.59,10.0097475
9.64,9.595358
8.4,9.138791
8.7,7.856084
7.21,7.079075
7.14,8.2478
3.73,4.22534
8.3,8.074341
6.35,4.5841312
3.6,4.7713
3.19,4.0897865
5.49,5.896513
7.19,4.232653
8.0,7.6245656
5.63,6.107127
8.19,7.241604
5.35,7.670452
7.1,8.452378
10.85,11.197697
3.89,5.3651776
7.84,8.037821
3.27,5.151211
6.22,5.5113573
3.68,4.616244
4.89,5.2547226
2.3,4.2951393
7.6,6.086849
7.52,5.7968903
8.14,6.9596553
4.88,4.2075005
2.67,5.0805254
6.6,7.0934067
3.84,5.890024
6.82,7.9150276
7.43,7.4471073
4.05,4.4983673
8.35,9.003044
5.28,6.308664
6.68,6.192602
5.9,6.179518
7.99,7.6908436
9.28,8.563755
6.22,6.6681986
6.85,7.542688
4.02,5.8026533
5.22,6.8336916
4.85,5.6461897
7.42,7.402805
6.55,5.869605
7.35,7.674181
7.64,7.429418
3.86,6.5056114
5.58,7.7588143
6.21,8.032853
3.47,3.444833
5.14,4.337318
6.57,6.815159
5.27,10.74467
5.5,6.0528107
4.44,5.1037045
4.96,5.420975
5.57,6.140667
3.87,4.414547
6.68,6.2427154
8.38,7.824237
4.23,5.7112684
3.65,3.8664753
2.19,2.816187
6.05,6.140979
11.0,7.8536825
7.89,6.0753794
3.37,3.1197941
8.35,8.603378
4.58,3.751467
3.12,3.2589695
7.09,5.6732674
9.0,7.577419
5.4,6.472429
6.58,6.060589
3.36,3.2374666
3.1,3.990682
9.07,8.131287
3.34,5.7955046
8.3,7.396611
6.56,6.4524593
5.1,5.51795
5.89,4.254116
7.7,8.427223
9.3,9.869981
5.12,5.305381
6.03,6.4716644
6.72,7.1462564
4.82,6.4701843
6.89,5.822424
8.74,7.8238573
4.67,5.5984592
9.59,8.4763365
7.81,7.546324
7.83,7.4575233
3.19,5.0577135
8.05,9.666683
7.51,10.537983
5.18,4.242729
6.96,5.591049
3.46,5.4377546
2.82,3.830859
4.43,7.2387676
6.04,4.9249606
6.08,7.3091707
4.82,5.503452
6.45,6.728059
5.78,6.277108
6.06,4.739665
4.71,4.7649813
6.96,7.326032
2.74,3.2974875
6.7,6.9850454
4.22,4.8583536
6.21,6.1261606
4.55,5.330513
3.9,3.532046
10.35,7.1588383
2.26,3.2570732
7.57,6.472247
6.7,6.2665124
6.16,6.489607
4.48,6.1217384
6.0,6.268628
9.15,8.57992
8.32,6.0873756
10.35,10.401291
6.43,7.0907516
8.05,7.2799253
4.19,4.9293528
4.85,4.040914
4.27,5.0341663
5.15,6.0549283
6.92,8.15087
6.62,5.6300697
6.87,6.4008536
7.3,5.2366343
3.89,4.3848457
6.52,7.0016212
8.0,7.250845
3.44,4.411664
4.84,4.4339466
2.22,5.0022745
4.12,4.0336423
11.57,9.5865345
6.19,6.81584
9.78,9.30764
7.27,7.704853
8.96,7.8272743
5.92,6.2128067
6.65,6.8957906
7.4,7.9611454
5.66,5.2310324
6.36,7.3387794
4.17,5.3801117
5.06,3.9470234
4.46,4.125793
8.8,8.486535
4.1,4.5824184
6.03,5.408189
10.4,7.7887583
11.35,11.249681
4.14,4.9647837
8.03,8.096682
5.24,5.838566
9.22,7.089642
3.1,4.0293627
6.02,7.2266846
5.0,5.0725107
2.65,5.5593634
4.28,6.0487404
8.17,7.574646
4.68,3.9723792
6.77,5.7943745
6.67,6.831821
3.49,4.4362597
2.96,3.7818115
4.23,6.2047453
6.17,6.4605613
6.15,6.151535
4.0,4.1285577
6.7,6.0576696
2.6,3.3811736
8.92,8.502429
5.29,4.6031637
5.48,5.117014
7.15,7.5610495
5.07,4.3580904
6.49,5.234805
6.28,7.038767
7.72,7.7851896
5.27,5.239678
3.7,5.146935
8.07,10.080184
4.64,4.8102355
5.63,7.6866007
4.67,5.2369337
4.35,4.6325474
4.57,3.9742918
7.8,8.048161
7.0,6.9571276
8.92,8.391113
8.9,7.5759864
6.32,4.991238
4.06,3.8432486
5.85,5.6559534
5.79,6.901248
5.03,5.5811286
7.14,7.8017387
8.44,8.467896
6.05,6.37584
5.59,5.6268024
5.85,3.8311403
7.41,5.3925514
10.3,8.23019
2.89,4.260999
6.64,7.788143
7.46,5.6266623
5.52,5.752905
4.52,5.223928
5.17,6.2651405
5.74,5.7669106
6.71,7.4809256
2.89,4.0568895
3.98,3.555484
4.71,5.5153813
5.92,6.570109
8.54,6.354744
8.6,8.246294
7.96,7.305988
5.35,5.410838
7.78,6.6576996
4.24,5.4088235
8.49,7.7611685
6.97,6.1732097
8.85,7.1322417
10.15,8.469066
6.72,6.9880824
8.52,6.611107
7.33,6.9082956
6.76,5.364952
8.96,7.388588
6.15,4.4621134
6.48,7.3055296
7.09,7.3220663
8.19,7.8333507
5.77,6.906742
4.15,5.852534
4.82,4.9828787
6.67,6.868571
2.89,3.872982
6.63,7.284087
5.55,6.006907
9.1,8.362153
8.97,7.7463517
9.7,7.626171
9.08,8.054969
7.54,4.053385
4.33,4.884371
4.47,3.9769714
4.09,4.2052197
6.6,6.799796
6.09,4.9479847
10.26,9.744647
10.44,9.328039
10.55,9.356951
7.36,6.4528975
6.09,6.8823166
10.47,9.407833
5.81,6.4571724
4.7,3.7703931
6.48,7.500595
3.0,5.1469936
4.46,6.2741194
4.3,4.1751866
6.62,6.0265856
6.39,6.5572505
5.24,5.4391723
8.11,8.067462
5.02,6.186758
4.38,6.1363935
7.33,5.8330317
4.94,6.348196
6.09,5.4178457
9.3,8.998648
5.75,7.0727797
6.04,7.226862
7.4,7.331169
9.8,9.463045
5.99,5.1264553
4.84,5.6933393
8.3,7.3973956
4.77,4.0099015
3.7,5.401292
9.22,8.144007
9.52,8.526272
6.47,5.6682224
10.17,8.406563
7.12,7.2430315
5.85,6.1304975
4.45,6.567561
6.3,8.41666
4.37,5.2478323
5.35,5.4915247
5.07,6.5811796
5.26,5.5407944
5.33,6.1012096
6.27,6.9583836
6.32,6.8809047
8.0,5.9353695
8.29,8.223141
7.1,6.3448257
7.37,5.936876
8.77,9.217271
8.34,7.602836
3.49,3.6495678
5.0,4.5345087
4.7,4.5259204
8.36,8.559899
9.11,6.769429
5.62,6.176564
7.96,7.22488
3.74,3.9438293
7.37,5.8616285
8.0,7.1158323
5.05,6.33393
5.59,7.360642
8.4,7.7195616
8.64,8.685221
8.82,8.354945
4.35,6.1753287
7.0,6.336405
7.89,5.766182
3.93,4.9265437
8.05,7.478901
10.96,10.483005
6.4,5.9115934
9.64,8.807682
2.89,2.8745844
3.4,6.3968186
7.72,7.0464416
6.82,6.18694
6.07,5.234043
5.11,5.5283904
7.36,6.833837
7.62,7.578114
8.38,7.2294455
5.82,6.3532963
5.1,5.53762
6.7,4.857958
3.18,5.1574993
8.83,8.912805
5.32,5.36163
11.42,6.992874
4.54,3.6412728
8.82,8.38554
6.11,6.4564285
5.31,4.975892
5.4,7.5052147
3.96,5.1756887
5.92,8.009505
8.96,8.057614
9.74,7.3750205
5.57,4.9367476
5.96,6.098037
6.11,6.717351
7.13,6.5947485
5.52,5.2242446
6.85,7.554304
4.11,4.430145
3.3,3.6043649
5.49,7.5341163
7.19,6.8879633
4.48,5.3824577
10.57,10.190636
5.74,5.8916197
3.21,4.547296
10.07,8.791981
8.08,7.0413256
6.64,7.015506
4.77,6.2743154
8.3,6.358382
4.6,4.8414507
4.6,4.8110228
5.91,4.8319664
9.22,7.7923937
7.74,7.085608
6.3,5.401145
9.55,6.390548
9.22,7.408145
8.7,7.5241823
7.12,5.5975823
4.82,5.0124497
9.48,7.647792
5.32,3.6001413
8.14,7.761668
7.3,6.0006804
2.22,3.8726633
6.43,5.726248
5.77,4.551071
6.0,6.2206125
5.68,5.7533336
6.82,5.6927996
8.1,7.767343
4.3,4.582188
3.89,4.71012
6.1,4.524637
7.22,4.9739833
5.66,6.2044826
7.94,7.662991
7.15,5.992933
4.82,5.419877
3.59,4.1609745
3.9,4.6777897
4.92,5.4693694
7.7,5.1984015
9.52,7.8653555
11.4,10.35204
11.57,10.636724
7.43,5.9375257
6.0,7.1008263
8.4,7.2341523
6.62,7.50946
5.57,6.6620264
6.52,5.809719
4.79,4.5968475
8.52,5.442409
5.64,6.525163
7.25,7.0183477
8.4,7.8635726
6.1,5.0417633
6.58,6.6078396
10.1,7.999524
7.2,6.677774
5.85,6.697399
7.62,7.5258083
8.34,8.354688
7.48,4.5201745
4.47,4.9752374
5.85,6.645204
6.89,5.9020224
3.72,4.9931693
7.8,8.550302
4.52,4.7267604
6.79,3.774618
5.64,5.391656
4.0,5.8414655
6.51,6.6614113
7.7,6.4265947
8.4,5.9078517
3.52,4.873369
7.51,8.1245165
6.07,4.849725
9.4,7.248578
5.12,6.228775
3.96,6.449843
6.93,6.311996
7.96,7.1381025
5.02,3.9808273
6.46,5.4203725
6.8,5.5460215
5.92,5.1931353
11.3,9.085312
8.7,7.363395
6.84,7.424591
8.13,6.84914
6.52,6.2866626
4.12,5.0926785
2.66,4.170122
6.15,6.19986
5.4,5.631461
6.07,5.4344463
6.64,6.577755
6.49,5.9781237
9.42,8.242555
8.15,3.6762788
5.49,9.424793
4.52,6.625606
5.7,4.580364
7.2,5.7183423
8.8,10.058055
4.6,4.2974076
4.77,5.9678926
6.6,5.9087396
5.99,4.816013
6.3,7.2114515
4.88,5.3903
4.72,4.785701
7.46,7.185201
7.6,6.3102703
6.07,5.5837283
3.48,3.5120847
2.0,3.7926574
7.82,7.494138
2.59,3.3170533
5.89,5.9627867
4.47,6.689021
6.52,5.189419
7.02,7.602358
5.74,5.6733274
5.48,6.8891735
4.28,5.9044156
3.61,5.673055
8.36,8.115661
4.7,4.1619897
5.62,5.5391073
5.36,5.267735
10.06,10.180259
4.89,5.634451
6.74,8.061536
5.36,6.757002
2.52,4.332788
2.44,4.411584
8.52,7.5230765
3.85,2.4838512
8.43,6.9790716
4.75,5.428662
4.7,4.2976313
3.78,5.888689
9.27,7.752221
4.76,5.4251394
6.46,5.9696817
6.74,6.5419283
8.0,7.8091893
5.11,6.2102056
7.25,6.4617257
9.1,9.483838
4.18,5.1111717
5.65,6.05922
3.24,5.4986076
4.2,5.2726574
5.25,4.888237
7.08,5.616129
5.59,5.4244914
11.3,10.064317
6.79,7.163456
6.26,7.059431
6.4,4.7663174
8.28,6.8958006
9.12,10.026443
9.0,8.542977
4.63,4.4659224
5.02,6.02454
4.93,4.770681
8.22,8.015044
8.57,8.315288
8.89,8.074896
4.6,6.100218
5.96,6.4489355
9.08,6.668554
7.41,7.7722063
8.3,7.971036
3.23,4.862503
4.85,5.3977585
8.7,7.519156
4.62,4.8385944
8.3,6.556789
2.92,4.432745
7.28,6.9789934
7.55,7.225914
4.73,4.1509347
3.0,3.7973535
3.33,3.5958006
3.34,3.5385056
3.14,3.1129577
6.25,6.6097994
2.76,3.2646105
4.42,4.658964
3.12,3.6679764
9.71,6.30464
7.0,5.7070265
9.24,6.49437
7.12,6.9978156
8.03,7.962629
6.74,6.8399787
6.74,6.564789
4.57,3.4497004
6.57,6.569727
4.59,4.3644032
8.22,8.218652
5.12,5.4080157
5.15,4.9942017
7.92,7.2772555
8.92,9.193123
4.85,4.491918
3.32,3.3433902
3.99,3.794133
7.17,8.034937
3.86,5.640149
5.24,4.695051
5.62,3.5694468
4.61,4.7762146
3.39,4.713401
5.73,6.3112164
5.04,4.0274935
3.0,5.0050883
7.82,8.59336
6.56,6.1602855
3.39,4.868409
3.35,4.59224
10.36,7.7768073
8.15,5.9288397
6.63,5.7489233
6.47,6.5898886
7.71,6.910726
2.96,2.820189
5.96,5.5725417
4.03,3.421831
4.19,3.9619591
6.97,6.1926565
7.26,8.183907
5.24,5.9976525
5.56,6.9464865
3.69,4.962623
4.85,5.61998
7.04,7.5083146
4.8,4.5004473
5.55,4.758475
7.66,7.341782
5.11,4.5597754
5.92,4.637317
7.64,5.910372
6.0,4.3876963
6.87,6.108613
5.85,6.3307076
5.48,4.8470163
7.62,6.789526
8.02,6.37543
3.76,3.27296
10.42,8.515481
8.82,8.726357
6.63,6.680307
9.07,7.6164904
4.07,5.3509893
9.03,9.45101
9.49,8.780505
8.02,6.920289
10.37,9.478061
10.52,6.2549753
8.33,8.229613
8.0,6.4430656
6.6,6.833187
6.69,5.5400887
5.49,5.413065
7.0,5.9384975
11.0,9.655379
8.85,8.3567505
4.46,5.5176387
3.6,5.687382
4.41,5.6782427
8.35,6.2532372
4.83,5.2307377
4.85,4.8310585
6.57,7.7288814
4.85,5.8130426
3.31,3.451856
6.86,5.3441844
7.36,7.842394
3.55,3.7410915
8.21,8.238148
4.16,4.35289
6.57,6.1729107
7.0,7.1992064
3.3,3.9341414
6.4,6.032878
4.99,5.056526
6.31,7.3055573
7.09,7.2049675
3.51,3.652705
6.3,5.557863
8.62,7.47622
7.8,7.078681
9.22,7.8873525
4.89,6.2328606
5.52,4.55519
7.74,6.968817
4.89,7.529626
8.3,7.9423375
6.85,6.529292
5.22,5.982765
8.72,9.622736
8.15,6.741298
4.74,4.2704134
4.59,4.4692307
6.11,7.13818
8.82,7.330929
8.44,7.7815266
5.14,5.6046953
7.0,7.417433
9.4,7.99438
5.27,3.7483993
2.62,5.311657
7.89,4.861697
5.7,5.547389
6.35,5.744075
3.95,4.19213
2.24,5.0893326
4.32,5.8839207
6.47,6.645134
8.52,7.403082
2.31,4.199326
7.95,7.685137
5.68,6.6265798
6.6,6.805435
6.49,6.714224
7.47,7.038466
7.73,7.0097203
4.89,5.814987
5.34,5.3593864
5.01,5.4234567
5.96,7.10705
4.37,3.7952104
4.1,5.069895
5.96,4.824549
3.46,4.108561
10.49,8.240971
5.82,4.475615
7.38,6.319694
8.15,8.096665
7.47,6.8151617
6.49,6.1545777
7.4,6.4661903
5.47,5.7155333
10.85,8.729909
5.96,6.671419
10.6,8.55776
8.42,6.045417
8.8,6.0660763
8.99,7.5270023
4.21,5.097285
8.21,6.9454565
6.42,4.9500084
3.26,3.8327148
4.89,5.0990562
7.72,5.9514456
4.97,4.740662
9.19,8.623702
7.05,8.496483
5.1,6.1236067
7.6,6.8192124
4.78,4.6119947
6.34,6.0000844
4.48,4.8285036
7.36,6.9455276
8.05,7.4274087
10.58,10.41615
7.11,5.2368917
5.75,6.648659
5.3,6.1454787
6.29,6.5479994
7.94,5.9099903
7.0,5.985438
6.76,6.818613
6.51,6.8326645
2.47,4.4412613
4.59,4.8447585
5.01,5.3207784
8.4,7.2614746
3.92,5.248355
6.89,7.6592407
8.4,7.173335
7.55,7.452074
5.92,6.0810065
5.6,5.556984
9.22,8.352391
3.46,4.0994864
4.03,5.944205
7.09,7.077734
5.57,5.1213813
5.82,5.2861814
6.24,7.692117
4.92,7.756612
7.24,4.5435634
5.11,4.7332563
7.35,8.027074
4.25,5.049674
7.72,7.1098404
4.38,6.2417493
7.0,5.424961
6.15,5.6352825
4.51,4.900326
7.92,7.557374
8.19,7.4701133
7.66,7.478189
4.54,3.5044956
3.59,3.9384837
5.23,4.86922
6.32,5.717799
5.12,4.968115
7.36,7.0956182
6.74,6.43522
5.4,5.143723
6.43,6.3094974
7.95,7.2143474
4.74,5.567669
4.77,5.286833
6.4,5.7888517
4.72,4.8593826
3.37,3.4191308
5.92,7.1185274
6.92,6.407649
5.3,6.3137436
7.43,6.445517
10.52,9.699552
7.4,5.6056566
8.57,6.9193807
9.34,8.703075
10.0,9.611507
5.4,5.0293546
3.22,5.790837
10.0,7.38293
6.0,4.242942
7.57,5.326001
6.1,6.7684207
9.04,9.3285675
3.1,4.4345136
7.16,6.7387958
2.96,5.556967
6.59,7.8518195
8.15,7.483751
8.4,7.698253
7.17,6.8969274
5.48,5.219287
5.08,4.924215
7.22,7.941731
4.66,3.5496793
5.34,5.210763
5.0,5.3813157
3.82,6.7685056
7.96,7.8060064
5.57,5.043924
7.55,6.890147
5.85,6.380047
6.06,5.2593064
4.91,4.6691136
3.77,4.3864913
7.52,7.123455
7.85,5.656046
5.81,5.776171
6.82,5.2775702
8.39,8.95168
2.22,5.6146555
4.66,6.0170755
9.0,7.8160787
7.45,7.8566985
6.55,7.188007
4.85,6.847969
5.23,5.3109946
8.11,8.707922
7.31,7.1754413
6.77,6.408586
5.22,5.9643936
6.77,6.6977196
9.57,7.598689
7.4,7.3424034
5.1,6.4486814
4.21,4.989262
4.1,5.982816
6.09,5.2223835
7.72,6.8670154
5.1,4.9331746
5.19,5.0127997
3.62,4.821052
6.16,7.356377
5.8,6.4110813
11.3,8.490073
4.22,4.868696
6.85,5.993045
10.62,9.390417
7.96,8.125717
3.07,3.6175866
6.2,6.839681
4.37,5.2647276
8.0,5.5717764
3.37,3.1691985
7.74,5.861442
7.06,3.9877338
7.52,7.9980164
5.77,5.012913
3.84,3.1055896
7.34,7.6696887
6.82,6.668227
4.82,4.406883
4.73,4.551267
4.74,4.833871
3.0,4.4584785
6.12,7.6595244
7.47,7.763495
6.88,7.1217446
7.15,7.03205
11.7,9.900887
7.07,7.850969
6.52,6.805632
7.0,6.5670085
9.22,6.613471
3.69,4.613419
4.39,6.309814
5.33,5.8635464
3.93,5.11182
8.3,9.309348
5.52,5.0890117
6.64,6.025168
7.54,7.1816034
8.7,9.735926
6.12,8.713943
6.1,6.3535085
8.7,7.5089755
3.96,2.9598866
4.94,5.173683
7.0,5.0965514
4.66,4.2063136
7.22,7.314315
8.48,10.041789
11.68,11.041825
6.6,7.0550857
6.35,6.243215
7.0,6.65817
5.41,7.215209
4.89,5.380339
6.6,5.734411
5.24,7.0384808
4.59,6.130315
7.52,6.241788
8.37,9.188671
6.06,6.3400674
6.3,5.130528
6.7,6.594174
3.48,4.86788
6.35,5.6210723
10.89,10.174042
7.28,5.7428513
4.43,5.703007
8.1,7.1962104
6.31,6.2544546
4.4,5.081899
6.7,5.7769423
8.69,10.032551
4.26,4.390916
5.76,6.5448365
2.6,3.7117605
3.9,5.3494663
4.68,5.6763577
5.71,5.6815343
5.72,4.862991
8.44,4.4179826
3.71,4.111689
3.02,3.6944618
3.3,4.4441266
6.62,5.9958935
5.0,4.5807066
6.6,5.0148273
8.7,8.828738
8.0,7.4824157
4.15,5.0106454
8.44,8.855764
6.4,6.1842237
5.52,5.149595
9.57,9.633645
5.17,5.7264886
5.22,6.275389
7.96,5.3659763
5.05,6.1009607
7.05,7.1855483
6.86,8.341384
3.6,4.5664077
5.57,5.3654146
4.03,6.167175
3.35,3.2215056
4.85,5.189611
7.22,6.068875
6.42,4.859197
8.15,8.257961
8.06,8.424017
7.85,8.488306
4.2,3.8804471
7.0,7.2445292
7.77,6.853372
5.62,5.664559
7.17,8.458784
6.91,4.3724155
4.62,4.8109756
7.09,7.0134525
4.22,6.166804
9.52,8.494075
9.77,9.965882
3.96,5.3225217
4.52,3.932169
7.89,5.2466474
7.64,8.029536
8.24,7.4646173
8.09,7.7544675
3.0,3.0101242
6.05,4.9156113
9.0,7.8931513
4.43,4.562427
6.72,6.63956
7.73,6.9470935
6.62,5.9072685
5.44,6.062219
10.96,9.889874
6.77,7.8100295
7.96,7.392224
6.49,7.715852
8.83,10.525219
5.43,4.5830264
8.66,8.075706
9.3,8.9297285
7.49,7.6499796
11.3,11.170787
6.52,6.1559997
9.1,7.590121
7.46,5.4064
4.85,5.172757
9.19,7.2821736
6.22,5.8000154
7.59,6.3796015
6.44,5.450503
6.57,5.7157307
6.92,5.082899
5.92,5.5285134
4.77,5.0478926
7.89,8.469718
7.41,4.3696446
5.64,6.204433
6.99,8.257092
8.52,7.3057885
4.19,4.5448885
3.04,3.7023847
6.98,7.4026875
3.25,5.497299
3.38,4.133756
8.72,8.008893
7.74,7.9021726
4.51,5.104436
7.77,7.2720184
7.22,4.4073467
2.52,3.2971096
6.18,5.5239563
5.74,7.6413913
5.66,4.0916142
6.34,8.200449
7.42,6.9448233
9.4,8.97828
7.92,9.256687
4.51,3.5044692
7.7,7.618833
6.98,7.7504396
7.33,5.8023505
8.94,8.852543
3.34,2.9291167
6.62,6.685142
6.77,6.9794507
6.43,6.1410794
5.96,6.1076164
4.94,5.693621
5.83,5.341906
8.77,8.419259
8.92,8.528365
5.8,5.9423623
6.15,6.8527384
10.18,6.9930415
8.85,8.646638
4.37,4.996179
7.84,5.884252
7.77,6.8346586
4.52,4.010627
8.62,7.7737217
2.53,6.894997
4.14,5.3371077
3.5,3.9281223
4.46,6.4780946
10.9,9.42447
7.85,8.001827
6.7,5.7629137
4.92,5.643705
4.3,3.4743943
5.84,5.9270105
6.05,6.2894874
5.68,3.374086
10.62,9.286556
10.0,6.300488
11.57,9.830633
4.8,3.0334258
9.96,11.21826
6.05,6.8324075
3.88,4.955396
3.87,4.663841
3.89,3.3681376
8.28,7.08966
6.55,6.4822416
5.08,7.841813
4.35,3.7286386
7.92,7.5294847
4.64,5.679032
11.7,10.314853
4.42,3.795673
5.77,7.1218405
5.47,5.355705
4.12,3.9245212
7.03,6.3103614
7.24,6.802528
7.92,8.167866
8.7,7.7929707
5.59,5.508039
7.7,6.74632
4.66,5.6366735
3.69,4.527159
3.76,6.607082
5.18,4.5938535
6.26,5.6709895
6.42,5.529887
2.52,5.2220106
8.11,7.887034
8.37,7.729603
7.8,8.1099
4.56,5.3578305
6.89,8.130156
6.97,6.702617
9.23,9.436862
9.5,8.9226265
5.0,5.4283686
2.31,4.4103928
2.47,4.205178
7.68,6.7539973
4.62,5.8977184
5.8,4.299702
5.97,5.986854
5.82,6.53705
6.28,5.3293877
5.51,5.542704
4.33,6.438797
6.52,5.013411
9.09,10.198159
4.39,4.4930444
5.06,5.7342734
5.54,6.766967
5.17,5.03042
6.73,7.481526
9.4,6.734293
5.25,6.72716
7.21,6.9285207
7.51,7.1093245
7.55,8.023736
8.69,8.092573
4.92,5.7270117
6.3,5.3138614
3.69,6.2388654
3.63,4.4886866
7.06,8.822139
4.11,6.0617723
9.1,7.8419566
5.85,6.649365
5.74,5.2384315
5.85,6.4240766
5.4,5.199272
5.22,4.3553877
6.59,6.2500215
2.8,4.8187156
8.22,7.850569
5.9,6.020393
2.89,4.3871446
3.95,3.797235
6.52,5.73789
5.27,6.4652195
9.4,8.3263645
8.55,7.562594
7.34,7.468005
7.38,7.393494
4.49,7.8203397
6.87,7.038444
4.3,4.2951217
6.41,6.6611323
7.09,7.255183
4.48,4.50131
4.68,3.4772735
6.64,6.6480193
6.4,7.113615
7.1,6.765583
9.2,7.897747
4.14,3.735185
2.48,3.236155
5.31,5.852774
7.95,7.1603174
6.14,7.1108513
9.12,6.6211896
7.59,7.1615853
7.72,6.785003
8.55,7.410796
7.99,7.3690805
6.44,8.816531
4.03,4.4343686
4.66,4.473008
4.77,6.0861106
5.09,5.1682267
6.71,7.768719
5.8,6.4306464
4.24,4.311644
4.39,3.4130507
3.17,3.9547772
4.56,5.5799785
5.74,4.596104
5.19,5.395176
9.7,7.5126038
4.1,3.7399397
7.6,6.5589247
7.31,7.7402134
6.46,6.9113116
8.05,7.977377
7.06,5.5832205
6.38,4.9580364
5.96,7.7470117
7.61,6.211358
8.44,8.371813
6.72,7.4766226
6.23,5.454401
4.7,5.916211
7.18,7.6481013
6.79,6.5073314
3.65,4.598545
2.17,4.1007867
6.69,8.216437
7.06,7.1219645
5.75,5.5469427
7.21,6.2607646
8.2,6.7095923
8.62,6.4709306
3.14,3.9100013
5.23,4.779891
3.95,4.6152534
10.12,7.7082276
7.3,6.905126
4.03,4.071309
4.35,3.7934065
4.25,4.420925
10.72,9.35894
3.19,3.4584794
8.85,8.692417
6.89,6.9122286
11.92,10.66869
6.7,7.658448
5.95,4.940446
5.91,6.891637
4.62,4.5807242
4.47,4.981555
7.29,6.043058
6.85,8.112315
5.59,4.2686696
4.66,4.7832947
6.77,5.720121
6.4,7.2832613
5.49,5.267674
2.77,4.481093
7.37,6.8794656
3.74,4.2836556
7.33,4.808041
7.5,7.5792413
7.17,6.4353223
6.66,6.82258
6.98,7.0807185
5.7,6.992617
8.1,6.9639215
5.1,4.923748
7.85,7.74575
5.07,7.391039
8.37,8.68498
5.7,6.2391896
7.66,7.949057
9.34,10.269477
6.29,6.27482
6.5,5.3675194
4.7,5.5879827
4.6,5.0801854
5.35,5.3131676
6.67,7.2996917
7.48,7.9203
6.48,7.9884653
4.72,5.0970283
4.89,5.6044164
5.3,5.8224435
5.1,6.6494803
6.78,6.0871954
7.51,5.1817975
5.13,6.4482684
5.59,5.645398
6.54,6.8679643
9.3,7.887701
8.49,8.543755
4.06,6.3022237
7.64,7.5565944
8.4,8.120546
6.74,5.682511
6.1,7.302149
5.89,6.4319625
8.6,10.328543
3.4,4.865008
6.66,6.557169
6.0,6.9759283
9.55,8.211685
4.82,5.0523047
10.0,9.726768
6.66,6.511734
7.66,8.362351
7.4,4.44692
9.4,8.887559
8.8,8.97622
7.0,7.4224515
9.44,8.845916
9.54,9.154523
8.1,5.656251
2.92,4.8266315
7.28,8.629286
6.37,6.3660784
11.4,10.328185
10.52,8.734074
10.0,6.914891
6.62,4.1738105
7.52,8.901318
6.19,6.2463512
6.89,6.95169
4.92,5.5396686
6.92,8.43311
4.22,4.6624646
4.04,3.9697464
6.46,6.6593466
9.0,8.7037325
8.64,9.0431595
10.05,5.8365464
7.82,6.2021203
3.59,4.6287313
8.11,8.954754
9.07,7.307712
5.21,4.9009094
5.09,4.833026
6.36,6.082441
7.68,6.3856378
8.12,8.090039
5.74,5.460888
6.82,7.200345
2.44,4.839803
3.03,4.0707097
8.81,5.7412467
4.4,6.1693835
5.15,4.3674297
5.7,4.613417
5.01,5.888464
7.66,8.730483
9.47,8.971618
10.24,9.521705
8.77,6.3315907
5.0,5.757014
8.92,8.159453
8.1,9.299565
6.92,8.262208
8.7,9.4739275
4.42,5.7102
7.48,7.485686
4.22,6.033116
3.4,6.3027143
3.25,4.106216
5.6,5.15357
7.68,6.588249
8.7,7.2756414
3.7,4.863063
6.73,7.0963435
8.24,7.9563265
5.92,6.7849894
8.1,7.4570036
8.0,7.3916516
5.7,6.556461
7.62,7.869887
9.29,8.01547
3.64,4.7478623
8.05,4.978171
8.4,6.883979
6.31,8.100775
7.4,9.335916
5.68,5.947455
7.28,6.68108
9.22,7.3811407
7.17,7.6281304
9.89,6.36562
7.1,5.0185695
6.89,5.91658
6.71,7.0291023
8.32,5.456375
6.52,5.6543283
4.32,5.0980926
6.38,6.1172833
3.81,7.357408
8.05,8.135224
4.8,5.651271
7.6,7.845213
7.92,7.822478
7.96,8.499307
6.53,7.948664
8.7,7.2855115
7.18,8.587428
6.3,5.5505505
6.68,6.5339546
7.25,7.200993
5.19,4.8999767
10.2,10.928962
7.15,9.187462
4.0,4.239225
5.67,5.950057
3.22,4.311476
9.08,9.212572
5.89,5.1806746
8.4,7.6450396
4.96,5.900046
4.94,5.6735587
4.15,5.7636356
7.03,8.643241
2.74,3.495861
9.13,7.6738863
5.29,7.1342573
8.7,8.629605
8.59,6.2223654
7.8,8.757007
4.43,5.0446224
4.03,6.922102
6.72,8.389347
6.46,6.81079
5.47,5.2168612
8.87,6.952019
6.55,6.1238956
5.07,4.4298506
8.09,8.224494
6.64,6.14444
7.7,6.0783443
8.82,7.1078687
9.08,9.639888
5.7,6.073462
7.8,8.052375
3.81,4.6160583
5.17,4.734725
6.27,6.7645993
3.18,3.229499
5.48,4.888936
6.18,6.9612846
7.3,7.220332
8.22,9.228789
3.75,4.6393576
4.8,4.4186316
5.22,4.451538
6.52,5.366311
7.22,7.6186438
5.85,5.5819664
4.72,6.250158
7.92,8.252263
6.7,5.3245916
9.41,10.102551
2.69,5.120152
3.72,5.577549
6.63,5.5017214
8.23,7.651619
6.77,5.4800067
6.8,7.150773
11.22,10.635707
2.17,5.384172
2.35,4.068604
3.3,3.944813
8.27,8.2513275
6.51,8.163084
5.39,5.755217
7.52,8.809032
6.89,6.8604894
8.3,8.399925
6.7,4.174356
8.7,8.337382
4.1,5.952126
7.32,7.166336
3.6,6.026209
8.3,7.889399
5.54,5.303984
8.0,7.3768415
7.64,6.814807
7.0,6.5473275
6.92,6.96967
7.22,7.5437026
9.1,7.2924714
6.7,7.6458116
3.46,3.393989
10.01,11.16159
8.15,6.2838244
7.28,5.7659435
5.2,6.1654067
5.1,6.3311195
4.55,6.582144
3.66,4.534513
4.88,6.9625015
5.22,4.9393864
4.17,7.057512
5.89,5.974996
5.82,6.385352
4.05,5.8708572
6.89,7.302192
7.96,9.20007
7.3,8.062596
6.25,6.5674176
5.77,6.793625
4.92,5.278995
9.64,10.52054
8.7,7.8347073
7.35,7.249727
7.59,5.981818
7.95,7.1282606
3.28,6.367002
5.44,7.154451
6.0,6.4508405
4.69,4.3912516
6.9,6.255965
6.1,6.3694396
4.0,3.0225933
9.1,10.767479
7.82,4.7698154
9.32,7.345182
6.51,5.352306
7.0,7.218248
6.92,6.875321
8.0,7.8947
8.4,8.064109
6.54,6.668686
3.98,4.6521297
2.27,4.0273666
9.28,9.0802
7.23,6.6455235
7.45,7.3885202
7.21,7.0126495
7.92,8.14369
8.14,7.8698473
3.59,3.6172068
4.15,3.2635825
4.47,5.109064
6.31,5.2352414
3.15,3.7723536
5.64,6.362433
6.6,6.815288
5.14,4.061117
8.09,8.544227
3.47,6.3743157
9.4,6.5189867
6.3,6.811711
6.7,5.506726
6.99,6.769219
5.21,5.9450827
3.73,7.2614484
3.05,3.6454723
7.2,6.6159487
2.89,4.4649215
3.47,5.084376
7.38,8.094086
11.05,10.510486
4.93,5.5342407
5.03,5.3426814
8.72,7.0299892
3.68,5.977007
7.74,7.9392796
5.28,5.2160277
4.7,5.8783445
4.6,5.7226543
5.21,5.322918
3.82,5.257288
4.84,4.273305
6.0,5.6612735
6.1,5.983981
7.49,6.387283
4.68,7.0828676
7.23,8.862961
7.26,7.8045754
8.77,7.3506713
7.89,8.343434
3.82,4.864857
2.19,3.5143309
3.52,4.043989
5.76,5.9159217
7.8,7.471548
5.47,5.4149714
3.42,4.5484776
6.22,7.253553
4.19,5.68569
5.42,5.925924
6.72,6.3612256
8.52,7.0652223
7.16,6.4299765
6.5,7.70709
6.6,7.8115177
5.82,7.0975113
8.0,7.680898
6.44,6.2518883
6.3,7.862643
3.02,4.3668604
3.9,8.500166
5.54,7.155286
7.28,8.330559
3.03,3.709869
7.82,5.6378894
6.26,6.184286
7.3,7.2692423
7.64,7.9255214
5.41,5.7655087
7.52,7.644433
2.41,4.907002
4.32,5.1469812
4.28,5.974255
9.05,7.742383
4.77,4.9364448
7.1,6.95052
4.76,4.84501
7.85,6.9905834
8.24,8.459652
7.75,8.156401
6.59,7.1227217
9.82,9.64486
9.11,10.020953
2.92,4.87389
5.24,6.0336523
7.96,7.5813565
2.77,4.7082167
7.89,7.4018927
7.76,8.058973
6.03,6.137712
7.13,6.487141
9.82,8.574267
6.33,6.3235917
4.72,7.4583535
8.7,6.56598
9.3,7.948098
5.17,5.87526
5.44,3.9890256
5.25,5.723526
7.28,8.862046
5.41,6.4364257
6.92,7.203774
7.52,8.0499115
7.65,6.854766
6.3,5.650928
7.92,8.149682
5.44,6.7021275
4.24,4.653128
7.91,8.357178
6.1,6.5675025
5.87,5.2682595
5.31,7.6183887
5.4,5.089759
6.57,6.416027
6.0,7.2359867
4.26,6.0648165
4.2,5.1874065
8.19,7.4612074
3.67,4.7819123
5.26,5.478458
7.85,5.1512275
7.62,8.280246
7.92,7.0671873
6.64,7.7512436
7.52,6.6292434
6.73,8.406335
7.6,8.53806
8.34,8.349274
4.46,4.709608
4.85,6.996993
6.45,7.026923
6.34,4.9891973
9.29,9.082341
9.49,9.242087
8.05,6.7353563
7.13,6.001172
5.9,5.01785
8.85,6.3239036
3.84,4.168355
5.74,6.021237
8.09,6.781257
5.32,6.8099475
6.33,7.5903535
7.68,7.9721584
7.05,7.0994716
4.88,4.4824266
6.39,5.5958734
3.69,6.2621055
4.92,5.202792
5.67,7.6753006
5.04,6.2619905
2.17,3.845122
3.23,3.3859487
5.59,7.873809
5.4,7.3200703
2.85,4.079869
6.55,6.804443
4.54,5.2298446
7.64,7.7185802
6.36,7.673217
7.11,6.630796
7.85,7.34335
4.24,6.3672786
7.17,8.143847
6.0,7.7013097
8.74,9.221176
7.22,7.357502
10.82,10.522013
7.06,6.583483
5.19,5.4914274
6.67,7.3709927
11.52,7.929138
5.3,3.5829134
6.85,7.5698957
5.96,5.7588663
4.18,5.8177238
3.82,3.4657338
6.55,7.2449174
9.48,10.834969
6.83,7.0098004
10.0,8.508441
6.6,8.204095
6.63,7.7690196
8.0,6.4174533
5.64,4.548058
3.77,6.699683
7.15,6.556507
6.12,6.600634
8.1,7.257853
5.82,5.627462
6.49,7.7766504
3.52,5.078594
5.51,6.9301825
3.7,4.8011246
3.58,4.7664013
4.99,5.7190356
5.67,6.1129904
7.59,8.69607
6.4,6.247304
7.46,8.42874
4.82,6.2412276
7.94,7.976448
7.01,7.822243
7.0,5.679863
5.42,5.8089952
7.55,7.093819
7.8,6.522062
6.52,6.430261
4.68,6.0381927
6.42,6.799979
5.13,5.9585805
5.07,5.5739093
4.5,5.614798
5.23,5.890795
6.43,7.0919256
2.38,5.6758456
5.92,6.9879866
7.15,6.7935567
9.0,7.4458985
5.05,6.2714267
5.41,6.0546017
5.37,6.734188
6.7,5.2678084
4.52,5.959776
5.15,4.8441358
7.37,8.453752
9.96,10.684706
7.55,6.593907
9.15,8.666443
9.7,5.571755
4.66,7.841478
10.3,10.681559
9.3,8.397035
7.5,11.719014
4.52,5.9763436
4.54,4.09546
4.96,4.8144007
5.06,5.207337
7.46,8.926496
4.92,6.1010423
6.08,6.938972
8.22,6.6504188
2.37,4.322869
8.8,4.489094
5.21,6.2865224
7.16,7.1176662
10.0,10.3018055
2.5,2.6703746
4.31,3.5556257
6.28,6.4049587
6.7,6.862922
7.03,6.688643
6.7,6.469368
7.82,6.1140614
7.28,7.069755
6.34,7.070078
4.38,5.775748
4.8,4.342426
9.49,8.790951
6.36,5.222981
6.68,4.4898386
5.29,4.5138035
11.92,5.430943
8.85,9.054001
11.1,7.999621
7.4,6.511215
9.05,7.3611298
3.0,3.8204064
6.85,6.1017356
7.74,7.1805544
6.48,5.438096
5.28,4.7176256
2.39,4.843701
6.89,4.8653355
7.0,6.483498
7.7,7.742722
7.24,7.7539434
8.41,8.385052
5.47,5.788017
2.57,4.7401133
5.44,6.2205634
8.22,7.4612565
10.19,9.182505
6.47,4.980123
7.25,6.101839
3.33,4.903919
3.52,4.2292314
6.6,7.033441
8.4,8.497082
9.4,8.174007
7.52,7.6303563
3.7,3.6607363
3.89,3.206097
6.1,5.1396
4.15,6.0664577
6.68,7.13755
7.52,5.8799586
4.52,7.07156
9.7,8.23689
9.09,9.959173
8.38,8.300905
5.66,5.9777584
6.08,7.8222165
6.31,4.728036
5.15,4.0769343
7.3,6.0876946
5.0,5.703863
6.92,6.887091
8.55,7.2555346
3.23,3.2320883
8.3,7.4618516
7.57,5.6190324
6.72,7.296304
7.74,7.101838
10.0,9.284127
5.24,5.7194653
6.89,8.067651
7.74,7.2879753
6.03,9.340015
7.36,6.632214
4.22,4.6973133
6.03,5.569009
7.42,8.121404
7.3,7.8913693
2.93,3.6435456
6.19,5.9078965
5.22,4.67625
3.05,4.35508
7.55,5.093789
6.19,5.9331975
4.29,3.714822
3.37,3.9205182
8.48,8.60955
8.22,7.484057
4.0,4.8016853
6.26,4.076912
6.18,7.0497375
7.08,7.6474295
3.08,5.2315083
7.09,6.002642
9.92,8.587459
5.15,4.802454
6.64,5.86378
6.19,4.7778373
8.27,7.487251
8.01,5.939062
3.55,4.811918
4.06,5.245693
3.79,4.2389154
8.1,6.981481
6.6,6.903797
6.6,7.0067554
10.52,9.394904
9.18,8.115324
4.7,4.8200727
2.7,5.3466625
9.52,8.064385
6.0,4.4687405
6.07,6.4207597
7.34,7.6123037
4.82,5.482967
5.7,6.3890476
4.59,5.602675
7.13,6.4357085
3.52,3.8982532
8.2,7.8298903
6.44,7.7373166
4.23,5.6722083
5.49,7.475928
6.82,6.6065745
7.42,8.00374
7.12,7.6140633
7.57,8.212148
5.68,5.8519316
9.01,9.475349
9.1,9.005203
10.85,9.33564
3.6,4.989127
3.42,3.604238
4.32,6.6842885
3.9,3.789214
3.55,4.7031355
4.51,4.213833
4.85,5.322107
4.08,4.5048156
9.85,10.005388
5.49,4.890746
3.41,4.12869
4.07,4.952069
5.06,6.3413897
4.09,5.586745
6.01,5.360974
2.94,3.027006
3.42,4.357335
6.1,6.3819876
5.9,6.029728
9.19,8.153815
10.62,9.381838
7.82,6.9220243
6.69,6.798203
8.7,8.197787
5.75,5.5272055
5.14,5.1099157
3.85,4.524327
7.28,7.369506
5.6,4.316744
5.85,3.6624382
6.74,5.9156365
7.89,6.8606253
7.79,4.7705503
6.14,5.8912745
3.77,3.9523044
5.28,4.6044664
5.6,7.6499324
6.5,7.3153195
7.56,7.9942236
7.58,7.563607
2.98,5.2208734
10.68,8.208842
6.35,5.3191733
8.0,7.9720445
7.26,6.6981416
7.8,5.9481997
5.7,6.7698545
3.37,4.7444096
8.96,8.62385
2.98,5.171792
6.35,5.1527634
7.6,7.647777
7.52,7.5085487
7.19,7.261225
5.7,4.966333
7.28,6.5228233
6.77,8.010562
6.74,5.5569715
4.68,4.456744
5.0,4.3855557
4.53,5.7172184
7.64,6.3241997
6.98,5.375474
8.7,8.542833
9.92,6.1570215
4.0,4.874112
4.77,5.474739
5.07,5.501687
5.34,6.570746
2.92,4.2705436
11.28,7.70107
3.7,3.9628818
5.94,5.4798713
8.52,8.711069
5.39,4.109641
4.12,3.7080145
7.25,7.2745175
2.3,3.039607
8.05,7.424606
7.52,7.505396
7.2,7.4444537
3.48,5.78615
7.62,6.4555626
8.8,6.588911
5.68,7.3060102
11.23,9.479947
6.36,7.383598
7.39,5.817735
5.0,5.9909368
7.02,5.761876
7.22,5.2185783
9.65,7.6228485
7.06,7.28534
6.45,7.1075687
8.58,5.5416565
6.41,7.3752007
5.63,4.169411
6.4,6.8329353
6.82,5.847198
5.05,6.038084
5.72,5.7383685
9.7,8.041904
6.36,6.365588
5.38,4.5861425
8.51,6.5078673
8.05,5.5769057
7.48,6.969268
6.31,6.2370315
8.25,7.174538
9.19,9.726098
6.24,3.1969552
7.72,7.0212493
4.75,6.509857
5.18,4.710458
7.0,7.470807
8.47,7.397703
4.96,3.4832196
3.82,4.812246
7.96,7.5320735
7.44,7.3181763
3.24,3.0761447
3.95,4.200427
7.1,6.374007
4.21,4.1106696
9.7,8.0350275
6.71,4.890737
6.96,6.957668
7.5,8.16815
7.57,8.46273
5.59,6.463525
7.68,6.552396
6.28,5.831803
5.18,6.8249736
5.62,5.376853
4.41,4.9703603
6.27,5.4772487
5.43,5.9885244
3.28,4.0714927
7.7,8.120406
2.21,4.1299834
5.8,3.7029455
7.61,6.3158116
6.1,6.1504464
11.32,5.989424
6.43,4.064385
6.62,5.3580327
4.22,5.1119094
9.6,6.985275
8.0,7.994513
6.49,7.477214
8.82,8.715482
3.04,3.4733136
3.67,3.9955518
4.3,4.1904325
5.4,4.128308
7.29,7.7678246
4.85,7.184084
9.03,7.619306
5.51,4.3623714
4.77,5.851435
8.57,6.6406326
7.4,7.412195
6.84,7.1104035
8.42,7.036888
4.15,3.3681617
4.89,6.2628508
7.77,7.8003244
6.74,6.880918
8.49,8.46146
7.85,9.378778
5.94,6.246847
6.46,4.7008066
6.33,6.0050354
4.36,5.0252604
5.03,5.882269
6.82,6.754997
5.76,6.7788496
8.0,6.4008
8.28,7.924623
4.17,5.4286475
4.0,4.8540597
5.48,3.7051768
5.4,4.033161
7.57,7.4292793
5.43,5.988214
7.82,6.967306
7.74,7.891517
11.15,10.048261
6.39,6.8990755
6.95,5.5346355
7.36,8.282598
8.6,5.3307786
4.23,4.481054
6.59,5.570634
5.51,4.3080664
8.7,7.1835465
7.96,7.065961
8.1,5.8239875
6.47,6.3582807
6.28,5.9814725
7.0,6.4050565
3.62,4.5054703
6.54,5.638302
2.64,5.4693146
7.1,7.681708
7.77,7.643557
5.89,6.1957417
9.47,10.31281
7.15,8.951815
9.21,9.193359
5.86,6.5343704
3.74,3.6278331
5.8,7.3371477
8.44,7.8074293
5.51,6.2415185
2.93,6.2225633
5.96,6.377057
6.14,7.378029
2.32,3.8616061
3.55,4.587125
8.57,7.583924
5.1,6.3542337
6.09,6.320597
7.66,7.773602
11.05,10.664787
6.15,8.440454
3.29,4.943094
6.09,5.568319
8.62,7.5707903
4.25,7.273103
4.68,4.506732
7.81,7.517983
4.92,5.172745
4.24,3.9145749
7.0,6.9761267
5.4,7.0956864
6.69,7.903802
3.8,3.6794722
4.7,5.4985404
5.29,5.1359468
7.8,7.0432663
8.05,7.5701113
7.21,6.303191
6.85,6.729058
3.2,3.7192693
8.89,8.112768
6.44,4.304809
11.52,7.976078
4.58,4.8735433
9.14,7.844853
4.62,4.5805287
9.41,5.3044014
6.73,6.2645326
5.4,6.5068216
6.63,4.6999693
4.68,4.307262
4.41,4.058551
6.0,5.451497
4.25,5.17133
4.17,4.1005497
9.24,7.325164
6.28,6.002014
8.1,7.5156093
4.0,3.7331748
6.01,6.206769
3.52,3.6820798
4.34,4.573063
7.96,6.7040315
8.66,5.6421695
7.42,7.4571185
6.8,6.947023
8.31,8.04167
7.24,6.158933
6.68,6.631981
4.89,4.049343
4.55,5.7169557
3.77,3.7188652
9.1,8.47182
7.7,8.718565
5.89,5.240143
7.22,7.1923723
5.46,3.963081
4.48,4.220544
6.08,5.11626
5.74,5.1907706
6.4,7.6948376
6.46,7.2325053
4.18,5.2813773
7.49,5.8616195
5.24,5.1865726
6.44,6.771554
4.0,5.57023
5.34,4.911078
8.64,6.7843285
6.36,7.417051
5.28,5.7518573
6.81,6.1884036
4.65,3.5623915
4.68,5.2413883
7.32,6.9160337
5.17,5.2344236
11.7,10.266077
6.35,4.317781
3.91,4.6337047
3.72,4.057286
6.66,7.04476
5.52,7.227746
9.88,10.944504
7.18,6.787374
6.43,6.573087
3.32,5.505546
6.42,7.269568
6.46,6.0132794
4.33,4.8518085
5.72,4.214411
4.66,7.2978463
5.7,3.9469795
5.88,6.677431
5.17,5.9091926
5.46,5.04013
2.16,5.651277
3.86,3.709744
4.55,4.3307037
9.4,8.707867
4.42,4.711972
6.22,5.9669704
3.77,4.780678
7.01,6.392323
6.39,4.8694367
6.74,6.425849
5.12,5.3405747
6.8,7.884539
6.74,6.172318
5.21,4.617858
3.73,4.712264
4.8,5.754678
5.05,7.0320477
7.29,7.943894
7.54,6.499889
7.0,6.03326
5.44,6.458122
10.52,9.447907
5.46,4.693549
10.4,10.278057
7.1,5.2617235
4.99,4.5895367
3.85,4.3082347
3.32,4.865501
4.54,5.479282
7.65,7.4881454
3.49,3.5255647
7.37,7.859458
6.41,5.0536394
7.27,6.833564
3.46,4.7323694
8.15,9.595306
4.51,4.549845
5.17,4.9013753
4.96,5.586269
4.35,4.8970118
6.0,6.0218124
7.85,7.743079
7.72,8.07614
6.89,6.5179977
8.02,6.457576
10.64,9.061562
5.96,6.784663
7.12,6.520832
6.84,7.326683
4.66,5.2180123
4.2,4.539529
4.3,4.2397695
9.7,7.146067
6.82,6.055237
4.29,4.893821
4.34,6.750593
9.4,8.819739
8.49,8.854066
5.7,4.565041
7.15,6.5728135
5.08,5.6294036
6.33,5.8073974
4.62,5.5577846
5.64,4.3255715
3.05,3.9492896
7.19,8.384502
6.8,6.3295965
7.62,6.2705207
9.04,8.6954775
6.52,6.922178
8.0,4.4355745
6.25,6.3971357
6.96,7.9623547
5.3,6.0595393
3.57,4.975861
3.84,4.4006104
8.96,6.9530916
6.0,6.8679676
5.8,6.853553
6.3,6.4065857
3.8,3.8484828
3.4,4.639515
7.12,7.162852
5.3,5.2180037
4.09,4.4248896
5.85,6.783114
6.42,6.584393
2.72,4.714084
3.31,5.5096526
5.92,7.441947
5.35,5.5003514
6.52,6.0643992
8.0,7.7530193
10.1,9.127859
6.0,3.562388
4.35,5.0501637
6.41,6.083713
5.4,5.3653264
7.44,7.470739
8.41,7.852654
6.34,7.859533
8.0,6.9608483
4.82,5.664851
7.46,5.20902
7.46,5.2069764
4.52,3.3827715
3.93,5.8350415
4.62,5.971375
4.89,6.4583516
2.77,4.1218543
6.55,6.625554
4.1,6.2809725
7.45,5.4799166
6.89,6.238816
5.4,5.5947666
8.18,9.361994
7.85,8.795618
8.15,7.3916903
8.49,6.547563
8.7,7.235254
8.0,6.9956326
7.08,6.0747356
7.17,6.897864
9.0,7.998269
7.32,6.9517846
6.72,5.5149236
10.1,9.861943
7.82,10.144221
8.47,7.847429
4.48,6.214492
8.48,8.011994
8.96,8.440879
7.46,5.8589296
5.74,6.097162
7.24,7.1318674
8.3,7.2787676
6.57,6.5934663
5.44,7.782464
5.8,5.6997247
7.48,8.591924
7.28,8.963047
10.21,8.609576
6.0,6.5867763
2.0,3.3883448
4.31,5.916134
8.35,7.518548
3.22,4.2494216
3.77,3.8096838
3.94,5.4490466
3.0,4.7321706
4.6,4.994111
7.74,7.2958593
5.85,5.307379
6.72,4.549087
3.9,3.9850318
7.34,7.1073737
8.1,7.99665
8.22,8.414058
6.08,5.0065064
5.95,5.6956
3.32,5.4645505
6.48,6.4170628
4.6,5.7477527
7.12,6.394737
8.57,7.749413
3.76,5.2593164
7.82,8.135834
5.96,6.14409
6.29,7.3893914
5.54,6.2864494
3.14,5.2147927
4.68,5.6097994
8.22,6.2457967
6.37,5.783517
6.82,4.526553
6.56,6.516089
9.64,9.150226
4.0,2.919229
4.51,5.1084337
5.33,5.6853285
3.43,4.9619074
2.55,4.322542
8.85,8.300936
8.0,6.688677
7.96,7.301282
4.96,4.65999
7.89,5.10797
6.35,6.7240524
6.54,7.164395
8.66,8.372906
4.11,4.1730127
7.92,7.4893637
8.36,7.4123864
10.59,9.654486
4.39,4.6754637
7.12,5.5429354
2.3,3.980741
4.79,4.523997
8.55,7.5008583
7.7,9.013053
7.37,6.0107336
7.23,4.6702123
9.08,8.234047
8.82,6.7339115
9.07,6.851402
6.59,6.624162
8.3,6.6548123
7.05,5.6450787
8.96,5.8395205
8.51,8.535218
7.7,5.6684756
5.52,5.394596
7.96,7.7836804
11.07,8.918494
6.89,7.0114517
8.22,6.8530955
5.73,5.1792383
7.49,6.839685
6.65,7.550239
5.22,5.498364
8.34,7.184605
9.05,9.246491
2.55,3.0161703
6.07,7.6845512
5.74,6.372859
5.3,5.4047074
10.17,8.229159
11.54,10.462859
5.37,4.3393793
8.4,6.028524
7.4,5.210926
8.74,8.635077
8.17,7.8663764
5.13,6.1629877
8.6,8.557226
6.06,4.732634
3.88,4.5469885
6.02,8.069242
8.4,8.024143
5.87,6.27716
5.66,4.780503
5.04,4.568235
7.77,7.3630443
4.62,5.310628
4.3,4.897413
5.54,6.084171
9.34,9.154998
8.01,7.4927154
3.38,4.120243
6.32,6.426759
7.04,6.717908
5.71,6.2176065
6.02,5.0384274
5.92,6.3631253
8.89,7.0111275
3.33,3.8991425
4.15,3.4996889
2.22,4.3379474
6.2,4.919581
4.81,6.115024
3.55,3.9191303
8.4,8.001629
7.63,7.1663027
3.49,4.082511
7.1,7.1066904
3.33,4.8808236
7.13,6.776531
5.85,6.5055885
6.01,6.881402
9.46,7.147974
8.05,5.953792
4.09,5.077328
8.7,8.72958
8.4,7.589649
4.59,5.6866875
7.32,7.3516088
6.21,6.355668
9.15,7.901283
8.27,8.417195
7.92,7.2315445
5.0,5.6745014
11.52,10.34794
10.55,9.468303
5.44,4.8586445
2.82,3.6016436
9.05,8.260573
6.48,7.1486254
9.82,8.858944
8.16,8.206173
4.3,4.272335
5.2,6.7349434
5.38,6.47175
10.44,9.72635
7.57,5.8151464
7.09,7.8776007
5.06,4.6783767
7.24,6.409525
10.8,9.904932
6.54,7.39483
7.54,6.939061
8.22,7.6518207
4.29,5.3143473
3.57,4.1971745
4.82,4.5326915
2.34,4.8373895
7.27,7.412406
5.77,3.2757585
6.44,7.465044
11.68,8.307658
8.62,5.4900775
11.0,10.091172
7.95,7.313438
8.0,7.3463326
7.78,6.6129885
4.31,5.654772
4.12,6.0635924
5.92,4.1828675
8.22,7.8072615
3.03,3.8920352
2.92,4.9452076
8.09,8.764186
4.7,5.8536963
6.22,6.226516
8.04,8.216922
7.28,7.6602235
6.11,6.1694765
5.75,6.773431
6.6,6.952788
3.3,3.6889334
3.22,4.7352557
3.3,3.094611
8.3,7.6643066
8.0,7.3416667
7.07,7.807765
6.02,6.448338
4.4,5.613739
5.4,4.9399858
8.64,6.272146
6.17,6.275516
7.8,7.752512
6.48,5.1065536
8.17,7.775847
5.68,3.2072892
4.65,4.996825
7.41,5.7557926
3.0,5.122067
5.8,6.1872015
4.32,4.131454
2.16,3.5116365
3.72,4.511739
8.42,7.3907514
2.46,3.4880004
6.77,7.1230326
7.14,6.662429
7.36,6.9116254
5.0,7.562681
4.71,4.7907114
8.35,10.35308
6.34,5.596336
8.17,8.045848
6.47,6.390818
4.3,3.8107553
7.19,5.5746517
6.77,6.5226912
10.24,8.102599
11.82,9.668194
3.85,4.2776275
8.32,7.042967
5.91,6.2393403
2.15,4.603774
2.92,4.1622396
5.63,6.154081
5.24,5.378247
5.24,5.4100595
4.03,4.804263
7.14,7.02285
7.64,7.3438983
8.66,8.136997
7.64,7.646461
5.04,5.050602
7.46,7.633789
3.04,3.1973336
8.89,7.136946
3.17,3.7013135
5.77,4.8213387
3.86,4.372225
4.73,7.939739
6.08,5.460622
8.7,6.9207964
7.26,5.36573
7.03,6.5732718
7.28,6.9492216
7.52,7.320226
6.6,6.582857
7.28,7.1923347
8.7,7.07051
8.72,6.005925
6.35,5.1152463
4.77,4.9875154
7.77,6.423292
8.57,8.571796
6.8,7.0316033
7.77,7.7047987
6.0,6.9146976
8.22,5.8067446
5.11,5.2759132
4.22,5.0789123
8.3,6.7968955
7.21,5.6202097
4.71,5.863745
8.48,8.229718
4.28,5.33055
4.91,4.982483
5.4,7.008178
9.14,7.55071
3.86,3.9373546
5.87,6.629709
9.0,8.482761
5.85,6.153743
3.61,3.7960854
3.47,4.91312
4.07,3.899486
5.7,6.2125764
5.52,6.4065523
7.99,8.201953
7.78,8.464167
5.79,6.448471
7.72,7.8570466
6.7,6.3642125
6.16,5.4510946
6.28,6.508241
3.86,4.7054625
5.85,6.4796352
4.77,3.637185
4.57,6.7578807
4.5,6.382127
8.7,4.995325
9.7,8.535017
4.49,5.569486
8.97,8.258362
8.28,8.02927
6.19,5.1958804
5.16,4.661396
4.61,6.2551255
6.41,5.679023
7.11,7.5992894
6.82,7.4123664
6.57,6.3112016
6.31,7.82355
6.66,5.1937456
7.69,7.431002
7.29,8.017525
6.72,6.8844943
6.96,6.2940187
6.97,6.288742
4.34,4.4308367
8.39,9.083613
10.55,10.183728
5.82,4.8928676
5.66,6.114972
3.66,6.039886
8.47,6.1370306
5.05,3.4840515
5.14,6.682236
9.93,9.321858
9.84,10.331815
8.14,9.664008
8.72,10.422915
7.48,5.7348948
3.59,5.794037
9.2,8.869407
8.89,8.729323
6.22,6.013361
6.05,6.5996556
6.62,10.133747
5.92,7.0160108
5.67,6.066824
6.4,4.52698
7.14,7.6029577
2.92,5.1008134
5.95,5.9415417
5.32,5.6531615
3.8,3.8515594
9.46,8.105013
6.04,6.6933966
7.7,7.174767
6.78,7.143147
8.24,7.9881873
6.06,6.167045
5.87,6.50727
8.61,7.359654
5.44,5.818352
8.1,7.638303
7.1,6.967236
8.26,8.192415
9.3,8.207703
9.35,8.178203
7.11,5.27931
7.17,6.2989254
4.04,5.1998634
4.07,6.783741
6.51,6.628372
7.96,6.2785716
6.13,5.608264
4.32,4.776171
4.7,3.8829067
4.88,4.445267
8.04,7.136532
5.3,6.430112
8.28,8.156485
5.09,6.0426135
7.19,7.4763727
7.15,7.1185455
7.8,6.954289
10.52,8.460533
4.44,5.260387
8.29,7.485173
5.35,5.6131377
3.62,3.9557953
6.96,4.478497
3.47,5.1914835
4.3,6.001895
4.6,5.7234015
4.04,4.9505568
4.64,4.6062694
7.15,6.8583765
6.32,7.7569594
6.79,7.079119
7.32,6.2647376
6.07,6.43766
2.23,3.5276484
7.91,7.7487097
4.3,3.4384234
9.0,7.2995505
3.13,3.7472055
7.05,6.3451123
9.89,8.968738
9.08,8.878997
8.42,9.765152
2.89,6.069685
6.3,7.0345845
3.6,3.988852
7.26,5.65253
8.0,5.120151
9.0,8.426772
3.15,4.396929
8.22,5.67084
7.15,6.1459317
9.22,7.442862
8.4,7.5188637
7.89,7.6713376
5.47,5.5958834
6.85,7.06803
10.0,6.0715156
4.51,4.7763906
5.68,6.3833914
7.7,6.149255
3.64,3.8061767
6.37,7.100814
8.7,8.137973
5.79,6.2056074
6.55,4.906594
11.26,9.427323
9.51,8.534483
4.49,3.5247521
5.22,6.2552495
5.15,5.259784
5.7,4.885853
6.17,6.7496343
7.48,7.9762692
6.52,5.8145795
3.91,4.5721936
10.39,9.53209
8.92,8.265272
6.1,5.4440546
6.85,5.551689
7.55,7.343018
7.85,5.8525558
5.04,5.0210567
5.7,3.9688468
8.52,7.955245
5.66,5.2548075
3.8,5.2607913
10.05,6.1148863
7.82,7.5906305
5.21,6.363172
6.54,6.1159515
5.74,6.783925
4.96,7.542889
5.96,6.617294
5.76,5.8641725
4.6,4.7808824
5.49,6.4458146
5.4,5.8618274
8.57,8.019365
4.15,5.3655653
7.74,6.960567
7.38,6.866718
8.0,5.3963275
5.92,6.4489326
5.05,6.1334457
8.0,7.130596
6.48,4.3177185
3.04,3.8371146
9.27,8.919708
5.37,8.166143
3.01,3.224614
5.97,5.857919
6.28,4.4459968
7.8,6.3510094
6.04,6.4484744
5.64,6.004109
6.55,7.678233
5.11,5.672721
7.02,7.3705463
4.34,3.4838953
8.4,9.864801
3.72,5.1534433
6.28,5.514168
9.32,9.568086
6.89,5.3234844
5.62,4.5714216
8.52,7.9013557
2.8,3.5470357
7.82,7.43538
4.7,4.6994977
7.96,6.6198726
4.74,4.4448547
8.26,6.430882
6.1,5.8035617
4.62,5.620007
7.07,6.93484
7.59,7.598819
5.01,5.660186
8.89,8.827676
8.49,6.8945594
11.34,8.903916
6.27,8.054407
6.69,4.831706
8.15,6.8482714
8.7,7.298149
7.55,7.0458884
5.54,5.977567
7.44,5.966161
6.12,5.5268116
8.25,5.8942294
7.2,7.200279
6.59,5.2066884
7.41,6.656724
8.68,8.97708
5.4,6.2790604
10.44,9.270548
10.57,8.621422
5.08,6.814076
8.3,6.0350823
4.69,5.197355
8.09,9.228053
8.48,8.372367
6.92,8.637531
2.7,3.9213476
7.1,4.549552
8.7,7.001929
4.94,3.2517116
4.89,6.3284807
5.42,5.709355
6.3,5.973969
7.02,7.565194
2.12,3.549438
6.37,5.1402354
3.9,4.4119453
4.29,5.4332175
9.0,8.2037
9.84,10.086328
6.51,6.9444733
6.82,6.8864784
8.34,8.281536
7.66,6.3308735
4.82,4.072934
7.6,6.434581
7.05,6.461896
3.92,4.4733157
5.02,6.2567
6.08,7.5110683
6.92,7.0610557
6.52,5.5396748
5.54,4.9303136
6.07,6.0823793
7.87,7.1365523
4.9,5.4479556
4.19,4.428337
9.74,10.595147
6.32,5.5603356
7.1,6.2990594
8.9,6.5782757
7.96,8.973551
6.84,7.626364
8.63,7.0646005
4.85,2.826365
6.64,4.8632536
4.01,4.5077252
10.8,9.699717
5.74,4.934893
10.0,9.536891
5.34,6.1515965
7.24,5.939403
6.6,4.2994123
2.28,4.3163877
5.62,4.9886584
6.08,6.806376
5.58,5.288546
3.4,4.724886
5.77,4.666829
9.85,9.118325
8.54,6.220252
4.22,4.7708297
6.22,6.4643974
4.06,4.5425763
7.37,6.8634014
7.68,6.1050353
7.82,6.9891605
8.48,7.388013
7.15,4.5580263
5.34,5.775083
8.82,8.716007
6.49,5.382742
10.7,10.653769
7.24,6.0062
7.57,5.698697
7.47,8.353141
7.24,5.703305
5.24,3.6696036
2.0,2.6345992
6.7,5.920629
6.7,3.6615686
9.54,5.6586413
5.22,4.267301
3.35,3.1005936
6.12,4.888676
8.38,8.464132
4.13,4.976372
4.65,5.4675345
4.26,5.5957417
9.92,6.308543
9.28,7.392239
8.14,7.5088964
8.96,8.002061
6.21,5.89995
4.16,4.6217732
6.54,5.5902877
11.11,7.7417846
8.4,6.9097986
9.13,6.121611
4.15,5.0295606
4.55,5.2223043
8.6,7.344172
8.0,6.824184
3.66,2.978537
7.0,7.2991676
8.09,7.3064437
9.0,8.320982
6.0,4.5006194
6.36,6.4335046
6.29,6.102386
4.11,4.862254
8.55,7.7831764
7.04,6.426319
8.22,7.762969
7.13,7.140977
7.4,5.2970204
7.44,7.397353
7.0,6.938096
8.96,6.2957397
10.7,6.002427
3.68,3.8420916
6.54,5.1346483
7.21,7.0311017
4.43,5.6797824
9.64,6.2565384
8.91,8.396238
8.61,8.522546
8.37,8.026339
6.0,5.821423
6.91,7.5176935
4.95,5.6278996
6.4,5.623711
5.39,5.5814505
7.46,8.586161
7.7,8.221824
5.91,4.8238153
5.21,5.9251995
2.46,2.8054495
7.68,7.5765553
4.48,5.1237583
4.97,4.419821
7.72,7.4554105
6.62,7.1806564
5.19,6.4532704
10.16,7.4820414
5.7,6.1928673
5.42,5.085526
6.17,4.0537786
5.98,7.0765653
3.15,3.491905
7.89,4.9986286
7.36,6.3825
9.0,7.4724693
8.49,9.499521
7.89,5.499309
4.74,4.975573
4.97,6.685911
6.55,6.339301
3.64,3.9181724
5.62,4.9743085
5.86,5.4687395
4.96,5.095928
8.32,4.0487504
6.7,7.4543395
8.23,4.5656753
2.49,3.8927002
3.42,3.5405784
3.0,3.0717309
8.15,7.382179
6.22,7.3869386
7.34,6.068327
8.0,6.9787426
3.3,3.1137385
6.34,6.7596307
6.04,6.0433955
5.54,5.05622
7.17,8.17498
2.59,5.5928373
7.7,6.8549805
4.3,3.32494
4.22,4.1646357
4.61,4.662795
10.78,10.221427
5.31,3.9188066
4.13,4.196735
4.6,3.3388245
4.89,6.023331
8.13,6.4808297
6.3,4.7581906
7.46,6.9717736
3.59,3.2763505
2.64,3.4570184
2.64,4.9091783
7.51,4.791437
9.3,7.6006064
7.8,7.327349
5.54,5.8237023
7.64,5.764764
7.85,6.4508243
5.94,4.7232103
6.94,6.551207
4.87,5.5165286
2.81,4.294164
10.33,7.0289783
5.97,4.5337944
6.04,5.9962697
6.11,5.6602583
3.46,3.8649404
5.32,5.360304
6.66,5.5937424
6.54,6.3675447
9.55,8.770514
9.0,7.5148654
8.03,8.211905
7.63,8.072268
8.52,6.7766123
6.4,6.1046796
8.43,8.161338
4.13,4.731334
10.74,8.396811
4.57,3.3005395
5.88,4.386653
4.12,4.387714
4.43,5.567243
5.72,5.750392
7.11,5.1937118
6.9,5.121008
4.15,5.101943
8.55,8.171847
3.03,3.5339024
4.68,4.4684834
5.48,5.0225096
4.25,5.515293
5.74,6.2915907
6.84,5.8254747
9.59,6.5209956
3.51,3.2681556
6.49,6.200725
5.04,5.1386566
7.0,6.5425053
4.11,4.5801415
7.34,7.63375
11.46,8.885917
9.7,7.8047204
8.64,4.531182
7.0,6.670223
8.96,6.9321046
3.48,3.7551897
10.48,8.954694
6.32,7.0672293
3.88,4.58551
8.0,6.1656795
8.43,7.729832
6.82,5.340141
7.85,7.1742015
6.0,6.013892
7.07,6.804391
5.52,5.7956247
7.37,7.5208774
2.97,4.1598725
3.15,5.3874617
4.43,4.7484055
4.0,4.8105025
4.43,5.0742545
11.2,8.218389
4.89,3.9509108
7.07,7.595186
6.4,6.833054
5.05,4.736046
5.0,4.2991924
5.92,5.5930953
7.89,7.9172893
7.77,6.745969
4.79,3.6968765
9.52,7.8019114
10.22,6.9280047
11.13,7.4857802
3.39,5.608452
8.87,7.636891
7.61,4.934106
8.54,7.8628473
5.4,3.6340897
4.63,4.5244694
7.8,7.23388
6.74,7.2546415
3.1,3.3929193
8.28,7.6161675
6.51,7.08569
5.44,3.4992201
5.21,4.558028
4.58,4.4990015
6.33,6.0073347
5.34,5.362172
7.17,6.144639
6.14,5.8261504
4.09,5.439591
6.35,6.376357
6.59,7.68208
6.87,5.2139916
7.03,7.023317
9.17,7.131304
5.0,6.948394
6.23,6.049079
5.94,6.1971073
4.86,5.0334616
5.0,5.0200343
3.98,3.370103
4.5,6.9814672
6.72,6.139029
5.28,4.7272325
6.68,5.0980873
5.69,4.537166
5.84,4.6960206
3.68,5.4149995
9.52,8.101329
7.82,7.1915026
6.65,5.708486
5.85,5.1322083
4.07,5.323303
10.89,9.713395
9.03,9.4116
5.46,7.1058273
7.66,6.1784353
6.57,6.5263762
7.42,6.4327397
5.77,7.285626
6.88,7.2790127
5.35,4.7659225
7.14,5.833534
6.38,7.624283
8.06,7.3126416
5.13,6.206318
4.31,4.5007086
4.77,5.0750084
6.72,5.7786293
9.77,8.264139
7.41,6.327613
7.76,7.308717
7.79,7.144984
3.87,4.164947
4.96,7.15562
6.15,6.331466
8.05,6.537119
5.62,4.72284
9.3,7.9951653
6.7,5.9083414
5.79,5.0672965
3.43,4.342838
7.26,6.1693187
6.1,4.427763
3.7,3.2321897
6.51,5.926627
7.44,8.335997
8.74,8.178555
5.38,5.746484
7.32,5.5527782
7.02,6.6603065
4.6,4.888517
4.66,4.011509
5.66,4.347741
6.46,5.646123
4.82,4.6734004
7.04,6.0642877
4.0,5.367439
6.5,7.060348
10.29,9.683812
4.85,4.502346
6.66,5.334213
